date,product_id,category,quantity,is_holiday,is_promo
2022-01-01,P001,Electronics,147.8,1,0
2022-01-02,P001,Electronics,75.8,0,0
2022-01-03,P001,Electronics,73.7,0,0
2022-01-04,P001,Electronics,74.5,0,0
2022-01-05,P001,Electronics,77.7,0,0
2022-01-06,P001,Electronics,80.5,0,0
2022-01-07,P001,Electronics,80.8,0,0
2022-01-08,P001,Electronics,84.4,0,0
2022-01-09,P001,Electronics,80.2,0,0
2022-01-10,P001,Electronics,69.6,0,0
2022-01-11,P001,Electronics,69.4,0,0
2022-01-12,P001,Electronics,73.3,0,0
2022-01-13,P001,Electronics,76.5,0,0
2022-01-14,P001,Electronics,85.4,0,0
2022-01-15,P001,Electronics,85.0,0,0
2022-01-16,P001,Electronics,81.5,0,0
2022-01-17,P001,Electronics,146.6,1,0
2022-01-18,P001,Electronics,76.3,0,0
2022-01-19,P001,Electronics,84.0,0,0
2022-01-20,P001,Electronics,79.1,0,0
2022-01-21,P001,Electronics,85.4,0,0
2022-01-22,P001,Electronics,87.2,0,0
2022-01-23,P001,Electronics,84.0,0,0
2022-01-24,P001,Electronics,84.5,0,0
2022-01-25,P001,Electronics,73.0,0,0
2022-01-26,P001,Electronics,85.0,0,0
2022-01-27,P001,Electronics,86.0,0,0
2022-01-28,P001,Electronics,85.9,0,0
2022-01-29,P001,Electronics,87.3,0,0
2022-01-30,P001,Electronics,87.7,0,0
2022-01-31,P001,Electronics,81.0,0,0
2022-02-01,P001,Electronics,82.8,0,0
2022-02-02,P001,Electronics,85.2,0,0
2022-02-03,P001,Electronics,93.3,0,0
2022-02-04,P001,Electronics,89.2,0,0
2022-02-05,P001,Electronics,90.8,0,0
2022-02-06,P001,Electronics,89.8,0,0
2022-02-07,P001,Electronics,85.7,0,0
2022-02-08,P001,Electronics,89.0,0,0
2022-02-09,P001,Electronics,90.1,0,0
2022-02-10,P001,Electronics,89.9,0,0
2022-02-11,P001,Electronics,97.5,0,0
2022-02-12,P001,Electronics,91.6,0,0
2022-02-13,P001,Electronics,88.0,0,0
2022-02-14,P001,Electronics,82.5,0,0
2022-02-15,P001,Electronics,83.3,0,0
2022-02-16,P001,Electronics,118.6,0,1
2022-02-17,P001,Electronics,92.3,0,0
2022-02-18,P001,Electronics,92.0,0,0
2022-02-19,P001,Electronics,91.6,0,0
2022-02-20,P001,Electronics,87.6,0,0
2022-02-21,P001,Electronics,151.0,1,0
2022-02-22,P001,Electronics,89.2,0,0
2022-02-23,P001,Electronics,97.0,0,0
2022-02-24,P001,Electronics,102.3,0,0
2022-02-25,P001,Electronics,95.4,0,0
2022-02-26,P001,Electronics,94.3,0,0
2022-02-27,P001,Electronics,83.9,0,0
2022-02-28,P001,Electronics,89.0,0,0
2022-03-01,P001,Electronics,83.3,0,0
2022-03-02,P001,Electronics,87.9,0,0
2022-03-03,P001,Electronics,88.7,0,0
2022-03-04,P001,Electronics,93.6,0,0
2022-03-05,P001,Electronics,103.0,0,0
2022-03-06,P001,Electronics,93.4,0,0
2022-03-07,P001,Electronics,87.7,0,0
2022-03-08,P001,Electronics,118.7,0,1
2022-03-09,P001,Electronics,83.1,0,0
2022-03-10,P001,Electronics,89.4,0,0
2022-03-11,P001,Electronics,94.1,0,0
2022-03-12,P001,Electronics,105.9,0,0
2022-03-13,P001,Electronics,129.3,0,1
2022-03-14,P001,Electronics,92.2,0,0
2022-03-15,P001,Electronics,84.7,0,0
2022-03-16,P001,Electronics,85.0,0,0
2022-03-17,P001,Electronics,87.3,0,0
2022-03-18,P001,Electronics,91.2,0,0
2022-03-19,P001,Electronics,107.0,0,0
2022-03-20,P001,Electronics,89.2,0,0
2022-03-21,P001,Electronics,91.2,0,0
2022-03-22,P001,Electronics,82.7,0,0
2022-03-23,P001,Electronics,92.9,0,0
2022-03-24,P001,Electronics,128.1,0,1
2022-03-25,P001,Electronics,92.9,0,0
2022-03-26,P001,Electronics,97.7,0,0
2022-03-27,P001,Electronics,89.1,0,0
2022-03-28,P001,Electronics,88.9,0,0
2022-03-29,P001,Electronics,119.7,0,1
2022-03-30,P001,Electronics,83.5,0,0
2022-03-31,P001,Electronics,84.6,0,0
2022-04-01,P001,Electronics,129.3,0,1
2022-04-02,P001,Electronics,103.2,0,0
2022-04-03,P001,Electronics,91.4,0,0
2022-04-04,P001,Electronics,85.6,0,0
2022-04-05,P001,Electronics,85.5,0,0
2022-04-06,P001,Electronics,128.4,0,1
2022-04-07,P001,Electronics,125.4,0,1
2022-04-08,P001,Electronics,89.7,0,0
2022-04-09,P001,Electronics,100.0,0,0
2022-04-10,P001,Electronics,91.1,0,0
2022-04-11,P001,Electronics,90.8,0,0
2022-04-12,P001,Electronics,83.7,0,0
2022-04-13,P001,Electronics,80.8,0,0
2022-04-14,P001,Electronics,81.5,0,0
2022-04-15,P001,Electronics,96.3,0,0
2022-04-16,P001,Electronics,100.9,0,0
2022-04-17,P001,Electronics,123.0,0,1
2022-04-18,P001,Electronics,81.4,0,0
2022-04-19,P001,Electronics,87.0,0,0
2022-04-20,P001,Electronics,79.5,0,0
2022-04-21,P001,Electronics,81.6,0,0
2022-04-22,P001,Electronics,90.4,0,0
2022-04-23,P001,Electronics,90.5,0,0
2022-04-24,P001,Electronics,85.8,0,0
2022-04-25,P001,Electronics,80.3,0,0
2022-04-26,P001,Electronics,80.5,0,0
2022-04-27,P001,Electronics,87.5,0,0
2022-04-28,P001,Electronics,83.4,0,0
2022-04-29,P001,Electronics,88.3,0,0
2022-04-30,P001,Electronics,81.7,0,0
2022-05-01,P001,Electronics,83.4,0,0
2022-05-02,P001,Electronics,75.4,0,0
2022-05-03,P001,Electronics,72.1,0,0
2022-05-04,P001,Electronics,76.1,0,0
2022-05-05,P001,Electronics,79.4,0,0
2022-05-06,P001,Electronics,87.1,0,0
2022-05-07,P001,Electronics,82.2,0,0
2022-05-08,P001,Electronics,81.3,0,0
2022-05-09,P001,Electronics,74.4,0,0
2022-05-10,P001,Electronics,73.2,0,0
2022-05-11,P001,Electronics,81.1,0,0
2022-05-12,P001,Electronics,116.4,0,1
2022-05-13,P001,Electronics,86.2,0,0
2022-05-14,P001,Electronics,84.4,0,0
2022-05-15,P001,Electronics,75.8,0,0
2022-05-16,P001,Electronics,72.8,0,0
2022-05-17,P001,Electronics,72.8,0,0
2022-05-18,P001,Electronics,75.2,0,0
2022-05-19,P001,Electronics,71.3,0,0
2022-05-20,P001,Electronics,78.6,0,0
2022-05-21,P001,Electronics,119.2,0,1
2022-05-22,P001,Electronics,86.0,0,0
2022-05-23,P001,Electronics,78.5,0,0
2022-05-24,P001,Electronics,65.7,0,0
2022-05-25,P001,Electronics,70.6,0,0
2022-05-26,P001,Electronics,67.0,0,0
2022-05-27,P001,Electronics,73.1,0,0
2022-05-28,P001,Electronics,80.8,0,0
2022-05-29,P001,Electronics,77.9,0,0
2022-05-30,P001,Electronics,127.8,1,0
2022-05-31,P001,Electronics,63.7,0,0
2022-06-01,P001,Electronics,60.3,0,0
2022-06-02,P001,Electronics,69.3,0,0
2022-06-03,P001,Electronics,68.3,0,0
2022-06-04,P001,Electronics,74.5,0,0
2022-06-05,P001,Electronics,66.7,0,0
2022-06-06,P001,Electronics,65.0,0,0
2022-06-07,P001,Electronics,56.4,0,0
2022-06-08,P001,Electronics,60.1,0,0
2022-06-09,P001,Electronics,75.6,0,0
2022-06-10,P001,Electronics,64.5,0,0
2022-06-11,P001,Electronics,69.4,0,0
2022-06-12,P001,Electronics,74.7,0,0
2022-06-13,P001,Electronics,74.1,0,0
2022-06-14,P001,Electronics,91.9,0,1
2022-06-15,P001,Electronics,61.7,0,0
2022-06-16,P001,Electronics,65.6,0,0
2022-06-17,P001,Electronics,73.8,0,0
2022-06-18,P001,Electronics,67.0,0,0
2022-06-19,P001,Electronics,126.1,1,0
2022-06-20,P001,Electronics,62.8,0,0
2022-06-21,P001,Electronics,59.5,0,0
2022-06-22,P001,Electronics,58.8,0,0
2022-06-23,P001,Electronics,96.9,0,1
2022-06-24,P001,Electronics,58.6,0,0
2022-06-25,P001,Electronics,103.2,0,1
2022-06-26,P001,Electronics,60.7,0,0
2022-06-27,P001,Electronics,57.8,0,0
2022-06-28,P001,Electronics,52.8,0,0
2022-06-29,P001,Electronics,59.5,0,0
2022-06-30,P001,Electronics,62.8,0,0
2022-07-01,P001,Electronics,62.0,0,0
2022-07-02,P001,Electronics,66.9,0,0
2022-07-03,P001,Electronics,59.4,0,0
2022-07-04,P001,Electronics,116.8,1,0
2022-07-05,P001,Electronics,49.5,0,0
2022-07-06,P001,Electronics,56.3,0,0
2022-07-07,P001,Electronics,55.8,0,0
2022-07-08,P001,Electronics,103.2,0,1
2022-07-09,P001,Electronics,69.3,0,0
2022-07-10,P001,Electronics,58.2,0,0
2022-07-11,P001,Electronics,48.8,0,0
2022-07-12,P001,Electronics,45.5,0,0
2022-07-13,P001,Electronics,57.4,0,0
2022-07-14,P001,Electronics,54.9,0,0
2022-07-15,P001,Electronics,58.4,0,0
2022-07-16,P001,Electronics,53.7,0,0
2022-07-17,P001,Electronics,58.1,0,0
2022-07-18,P001,Electronics,51.4,0,0
2022-07-19,P001,Electronics,43.3,0,0
2022-07-20,P001,Electronics,48.6,0,0
2022-07-21,P001,Electronics,52.7,0,0
2022-07-22,P001,Electronics,54.6,0,0
2022-07-23,P001,Electronics,57.4,0,0
2022-07-24,P001,Electronics,87.9,0,1
2022-07-25,P001,Electronics,82.6,0,1
2022-07-26,P001,Electronics,82.4,0,1
2022-07-27,P001,Electronics,54.4,0,0
2022-07-28,P001,Electronics,39.5,0,0
2022-07-29,P001,Electronics,51.6,0,0
2022-07-30,P001,Electronics,57.5,0,0
2022-07-31,P001,Electronics,51.7,0,0
2022-08-01,P001,Electronics,44.3,0,0
2022-08-02,P001,Electronics,37.1,0,0
2022-08-03,P001,Electronics,48.2,0,0
2022-08-04,P001,Electronics,55.1,0,0
2022-08-05,P001,Electronics,44.8,0,0
2022-08-06,P001,Electronics,58.7,0,0
2022-08-07,P001,Electronics,47.8,0,0
2022-08-08,P001,Electronics,44.1,0,0
2022-08-09,P001,Electronics,38.5,0,0
2022-08-10,P001,Electronics,44.2,0,0
2022-08-11,P001,Electronics,52.1,0,0
2022-08-12,P001,Electronics,52.0,0,0
2022-08-13,P001,Electronics,61.0,0,0
2022-08-14,P001,Electronics,52.6,0,0
2022-08-15,P001,Electronics,45.0,0,0
2022-08-16,P001,Electronics,48.6,0,0
2022-08-17,P001,Electronics,46.2,0,0
2022-08-18,P001,Electronics,49.2,0,0
2022-08-19,P001,Electronics,47.6,0,0
2022-08-20,P001,Electronics,53.4,0,0
2022-08-21,P001,Electronics,44.3,0,0
2022-08-22,P001,Electronics,46.4,0,0
2022-08-23,P001,Electronics,36.2,0,0
2022-08-24,P001,Electronics,46.9,0,0
2022-08-25,P001,Electronics,80.5,0,1
2022-08-26,P001,Electronics,52.9,0,0
2022-08-27,P001,Electronics,55.6,0,0
2022-08-28,P001,Electronics,53.8,0,0
2022-08-29,P001,Electronics,44.9,0,0
2022-08-30,P001,Electronics,34.2,0,0
2022-08-31,P001,Electronics,43.2,0,0
2022-09-01,P001,Electronics,40.3,0,0
2022-09-02,P001,Electronics,45.9,0,0
2022-09-03,P001,Electronics,58.5,0,0
2022-09-04,P001,Electronics,85.0,0,1
2022-09-05,P001,Electronics,101.6,1,0
2022-09-06,P001,Electronics,36.4,0,0
2022-09-07,P001,Electronics,43.6,0,0
2022-09-08,P001,Electronics,40.2,0,0
2022-09-09,P001,Electronics,45.4,0,0
2022-09-10,P001,Electronics,53.9,0,0
2022-09-11,P001,Electronics,51.3,0,0
2022-09-12,P001,Electronics,44.7,0,0
2022-09-13,P001,Electronics,31.6,0,0
2022-09-14,P001,Electronics,45.1,0,0
2022-09-15,P001,Electronics,45.7,0,0
2022-09-16,P001,Electronics,50.2,0,0
2022-09-17,P001,Electronics,59.6,0,0
2022-09-18,P001,Electronics,39.0,0,0
2022-09-19,P001,Electronics,40.5,0,0
2022-09-20,P001,Electronics,43.9,0,0
2022-09-21,P001,Electronics,38.3,0,0
2022-09-22,P001,Electronics,52.2,0,0
2022-09-23,P001,Electronics,50.9,0,0
2022-09-24,P001,Electronics,57.4,0,0
2022-09-25,P001,Electronics,45.9,0,0
2022-09-26,P001,Electronics,47.1,0,0
2022-09-27,P001,Electronics,46.8,0,0
2022-09-28,P001,Electronics,46.6,0,0
2022-09-29,P001,Electronics,48.3,0,0
2022-09-30,P001,Electronics,51.7,0,0
2022-10-01,P001,Electronics,51.8,0,0
2022-10-02,P001,Electronics,48.9,0,0
2022-10-03,P001,Electronics,44.6,0,0
2022-10-04,P001,Electronics,45.5,0,0
2022-10-05,P001,Electronics,51.1,0,0
2022-10-06,P001,Electronics,44.6,0,0
2022-10-07,P001,Electronics,51.6,0,0
2022-10-08,P001,Electronics,62.8,0,0
2022-10-09,P001,Electronics,48.1,0,0
2022-10-10,P001,Electronics,106.1,1,0
2022-10-11,P001,Electronics,46.4,0,0
2022-10-12,P001,Electronics,52.3,0,0
2022-10-13,P001,Electronics,50.7,0,0
2022-10-14,P001,Electronics,59.3,0,0
2022-10-15,P001,Electronics,62.2,0,0
2022-10-16,P001,Electronics,56.4,0,0
2022-10-17,P001,Electronics,51.0,0,0
2022-10-18,P001,Electronics,92.9,0,1
2022-10-19,P001,Electronics,50.1,0,0
2022-10-20,P001,Electronics,44.7,0,0
2022-10-21,P001,Electronics,62.5,0,0
2022-10-22,P001,Electronics,59.1,0,0
2022-10-23,P001,Electronics,55.7,0,0
2022-10-24,P001,Electronics,56.3,0,0
2022-10-25,P001,Electronics,43.5,0,0
2022-10-26,P001,Electronics,48.2,0,0
2022-10-27,P001,Electronics,48.7,0,0
2022-10-28,P001,Electronics,55.3,0,0
2022-10-29,P001,Electronics,65.1,0,0
2022-10-30,P001,Electronics,59.8,0,0
2022-10-31,P001,Electronics,54.6,0,0
2022-11-01,P001,Electronics,109.3,1,0
2022-11-02,P001,Electronics,46.5,0,0
2022-11-03,P001,Electronics,57.9,0,0
2022-11-04,P001,Electronics,59.2,0,0
2022-11-05,P001,Electronics,67.8,0,0
2022-11-06,P001,Electronics,63.1,0,0
2022-11-07,P001,Electronics,56.8,0,0
2022-11-08,P001,Electronics,58.2,0,0
2022-11-09,P001,Electronics,59.5,0,0
2022-11-10,P001,Electronics,62.6,0,0
2022-11-11,P001,Electronics,123.5,1,0
2022-11-12,P001,Electronics,68.0,0,0
2022-11-13,P001,Electronics,64.0,0,0
2022-11-14,P001,Electronics,62.4,0,0
2022-11-15,P001,Electronics,56.4,0,0
2022-11-16,P001,Electronics,63.5,0,0
2022-11-17,P001,Electronics,62.3,0,0
2022-11-18,P001,Electronics,66.3,0,0
2022-11-19,P001,Electronics,75.0,0,0
2022-11-20,P001,Electronics,58.2,0,0
2022-11-21,P001,Electronics,56.9,0,0
2022-11-22,P001,Electronics,55.1,0,0
2022-11-23,P001,Electronics,55.1,0,0
2022-11-24,P001,Electronics,126.2,1,0
2022-11-25,P001,Electronics,147.9,1,0
2022-11-26,P001,Electronics,73.7,0,0
2022-11-27,P001,Electronics,70.0,0,0
2022-11-28,P001,Electronics,69.5,0,0
2022-11-29,P001,Electronics,69.4,0,0
2022-11-30,P001,Electronics,67.3,0,0
2022-12-01,P001,Electronics,74.9,0,0
2022-12-02,P001,Electronics,73.3,0,0
2022-12-03,P001,Electronics,74.6,0,0
2022-12-04,P001,Electronics,70.0,0,0
2022-12-05,P001,Electronics,62.4,0,0
2022-12-06,P001,Electronics,63.7,0,0
2022-12-07,P001,Electronics,69.3,0,0
2022-12-08,P001,Electronics,75.9,0,0
2022-12-09,P001,Electronics,83.0,0,0
2022-12-10,P001,Electronics,75.6,0,0
2022-12-11,P001,Electronics,77.1,0,0
2022-12-12,P001,Electronics,67.3,0,0
2022-12-13,P001,Electronics,72.3,0,0
2022-12-14,P001,Electronics,73.3,0,0
2022-12-15,P001,Electronics,68.5,0,0
2022-12-16,P001,Electronics,83.0,0,0
2022-12-17,P001,Electronics,117.8,0,1
2022-12-18,P001,Electronics,76.5,0,0
2022-12-19,P001,Electronics,70.3,0,0
2022-12-20,P001,Electronics,70.9,0,0
2022-12-21,P001,Electronics,78.7,0,0
2022-12-22,P001,Electronics,78.1,0,0
2022-12-23,P001,Electronics,83.6,0,0
2022-12-24,P001,Electronics,151.2,1,0
2022-12-25,P001,Electronics,185.5,1,1
2022-12-26,P001,Electronics,138.7,1,0
2022-12-27,P001,Electronics,70.6,0,0
2022-12-28,P001,Electronics,84.2,0,0
2022-12-29,P001,Electronics,80.6,0,0
2022-12-30,P001,Electronics,89.8,0,0
2022-12-31,P001,Electronics,154.2,1,0
2023-01-01,P001,Electronics,146.6,1,0
2023-01-02,P001,Electronics,81.9,0,0
2023-01-03,P001,Electronics,87.2,0,0
2023-01-04,P001,Electronics,91.1,0,0
2023-01-05,P001,Electronics,85.0,0,0
2023-01-06,P001,Electronics,88.8,0,0
2023-01-07,P001,Electronics,97.3,0,0
2023-01-08,P001,Electronics,84.0,0,0
2023-01-09,P001,Electronics,120.6,0,1
2023-01-10,P001,Electronics,82.0,0,0
2023-01-11,P001,Electronics,86.8,0,0
2023-01-12,P001,Electronics,84.1,0,0
2023-01-13,P001,Electronics,84.4,0,0
2023-01-14,P001,Electronics,87.3,0,0
2023-01-15,P001,Electronics,85.5,0,0
2023-01-16,P001,Electronics,84.0,0,0
2023-01-17,P001,Electronics,146.0,1,0
2023-01-18,P001,Electronics,131.8,0,1
2023-01-19,P001,Electronics,94.3,0,0
2023-01-20,P001,Electronics,89.3,0,0
2023-01-21,P001,Electronics,99.4,0,0
2023-01-22,P001,Electronics,126.7,0,1
2023-01-23,P001,Electronics,87.0,0,0
2023-01-24,P001,Electronics,87.7,0,0
2023-01-25,P001,Electronics,92.7,0,0
2023-01-26,P001,Electronics,90.7,0,0
2023-01-27,P001,Electronics,99.6,0,0
2023-01-28,P001,Electronics,95.5,0,0
2023-01-29,P001,Electronics,130.4,0,1
2023-01-30,P001,Electronics,100.6,0,0
2023-01-31,P001,Electronics,89.8,0,0
2023-02-01,P001,Electronics,97.9,0,0
2023-02-02,P001,Electronics,94.3,0,0
2023-02-03,P001,Electronics,135.5,0,1
2023-02-04,P001,Electronics,101.7,0,0
2023-02-05,P001,Electronics,95.5,0,0
2023-02-06,P001,Electronics,88.8,0,0
2023-02-07,P001,Electronics,92.4,0,0
2023-02-08,P001,Electronics,90.5,0,0
2023-02-09,P001,Electronics,98.2,0,0
2023-02-10,P001,Electronics,103.1,0,0
2023-02-11,P001,Electronics,104.9,0,0
2023-02-12,P001,Electronics,96.5,0,0
2023-02-13,P001,Electronics,95.2,0,0
2023-02-14,P001,Electronics,90.8,0,0
2023-02-15,P001,Electronics,98.9,0,0
2023-02-16,P001,Electronics,89.5,0,0
2023-02-17,P001,Electronics,98.7,0,0
2023-02-18,P001,Electronics,96.7,0,0
2023-02-19,P001,Electronics,92.8,0,0
2023-02-20,P001,Electronics,99.9,0,0
2023-02-21,P001,Electronics,195.2,1,1
2023-02-22,P001,Electronics,93.3,0,0
2023-02-23,P001,Electronics,91.8,0,0
2023-02-24,P001,Electronics,89.1,0,0
2023-02-25,P001,Electronics,103.3,0,0
2023-02-26,P001,Electronics,109.3,0,0
2023-02-27,P001,Electronics,96.9,0,0
2023-02-28,P001,Electronics,91.5,0,0
2023-03-01,P001,Electronics,98.7,0,0
2023-03-02,P001,Electronics,92.2,0,0
2023-03-03,P001,Electronics,100.3,0,0
2023-03-04,P001,Electronics,106.4,0,0
2023-03-05,P001,Electronics,99.7,0,0
2023-03-06,P001,Electronics,98.7,0,0
2023-03-07,P001,Electronics,95.5,0,0
2023-03-08,P001,Electronics,99.8,0,0
2023-03-09,P001,Electronics,95.9,0,0
2023-03-10,P001,Electronics,105.2,0,0
2023-03-11,P001,Electronics,112.6,0,0
2023-03-12,P001,Electronics,96.2,0,0
2023-03-13,P001,Electronics,92.0,0,0
2023-03-14,P001,Electronics,99.4,0,0
2023-03-15,P001,Electronics,96.3,0,0
2023-03-16,P001,Electronics,140.1,0,1
2023-03-17,P001,Electronics,99.7,0,0
2023-03-18,P001,Electronics,147.7,0,1
2023-03-19,P001,Electronics,100.4,0,0
2023-03-20,P001,Electronics,96.3,0,0
2023-03-21,P001,Electronics,135.9,0,1
2023-03-22,P001,Electronics,95.2,0,0
2023-03-23,P001,Electronics,94.2,0,0
2023-03-24,P001,Electronics,99.1,0,0
2023-03-25,P001,Electronics,107.1,0,0
2023-03-26,P001,Electronics,92.9,0,0
2023-03-27,P001,Electronics,97.1,0,0
2023-03-28,P001,Electronics,90.8,0,0
2023-03-29,P001,Electronics,100.4,0,0
2023-03-30,P001,Electronics,87.6,0,0
2023-03-31,P001,Electronics,96.9,0,0
2023-04-01,P001,Electronics,97.6,0,0
2023-04-02,P001,Electronics,94.9,0,0
2023-04-03,P001,Electronics,94.5,0,0
2023-04-04,P001,Electronics,91.1,0,0
2023-04-05,P001,Electronics,93.7,0,0
2023-04-06,P001,Electronics,131.4,0,1
2023-04-07,P001,Electronics,99.6,0,0
2023-04-08,P001,Electronics,99.1,0,0
2023-04-09,P001,Electronics,135.7,0,1
2023-04-10,P001,Electronics,94.8,0,0
2023-04-11,P001,Electronics,92.0,0,0
2023-04-12,P001,Electronics,95.5,0,0
2023-04-13,P001,Electronics,95.7,0,0
2023-04-14,P001,Electronics,141.4,0,1
2023-04-15,P001,Electronics,101.2,0,0
2023-04-16,P001,Electronics,130.0,0,1
2023-04-17,P001,Electronics,87.5,0,0
2023-04-18,P001,Electronics,84.6,0,0
2023-04-19,P001,Electronics,86.5,0,0
2023-04-20,P001,Electronics,89.2,0,0
2023-04-21,P001,Electronics,95.2,0,0
2023-04-22,P001,Electronics,137.0,0,1
2023-04-23,P001,Electronics,93.6,0,0
2023-04-24,P001,Electronics,85.5,0,0
2023-04-25,P001,Electronics,90.4,0,0
2023-04-26,P001,Electronics,92.4,0,0
2023-04-27,P001,Electronics,90.0,0,0
2023-04-28,P001,Electronics,90.7,0,0
2023-04-29,P001,Electronics,99.7,0,0
2023-04-30,P001,Electronics,92.0,0,0
2023-05-01,P001,Electronics,80.6,0,0
2023-05-02,P001,Electronics,84.3,0,0
2023-05-03,P001,Electronics,88.3,0,0
2023-05-04,P001,Electronics,84.8,0,0
2023-05-05,P001,Electronics,91.8,0,0
2023-05-06,P001,Electronics,89.4,0,0
2023-05-07,P001,Electronics,94.2,0,0
2023-05-08,P001,Electronics,89.0,0,0
2023-05-09,P001,Electronics,81.1,0,0
2023-05-10,P001,Electronics,86.2,0,0
2023-05-11,P001,Electronics,76.3,0,0
2023-05-12,P001,Electronics,119.9,0,1
2023-05-13,P001,Electronics,91.5,0,0
2023-05-14,P001,Electronics,82.0,0,0
2023-05-15,P001,Electronics,84.3,0,0
2023-05-16,P001,Electronics,123.5,0,1
2023-05-17,P001,Electronics,77.5,0,0
2023-05-18,P001,Electronics,79.9,0,0
2023-05-19,P001,Electronics,86.8,0,0
2023-05-20,P001,Electronics,96.4,0,0
2023-05-21,P001,Electronics,78.7,0,0
2023-05-22,P001,Electronics,115.7,0,1
2023-05-23,P001,Electronics,84.1,0,0
2023-05-24,P001,Electronics,72.8,0,0
2023-05-25,P001,Electronics,75.4,0,0
2023-05-26,P001,Electronics,81.4,0,0
2023-05-27,P001,Electronics,85.1,0,0
2023-05-28,P001,Electronics,84.1,0,0
2023-05-29,P001,Electronics,76.9,0,0
2023-05-30,P001,Electronics,129.4,1,0
2023-05-31,P001,Electronics,114.7,0,1
2023-06-01,P001,Electronics,111.4,0,1
2023-06-02,P001,Electronics,85.4,0,0
2023-06-03,P001,Electronics,81.9,0,0
2023-06-04,P001,Electronics,75.4,0,0
2023-06-05,P001,Electronics,75.2,0,0
2023-06-06,P001,Electronics,74.2,0,0
2023-06-07,P001,Electronics,75.5,0,0
2023-06-08,P001,Electronics,68.1,0,0
2023-06-09,P001,Electronics,79.6,0,0
2023-06-10,P001,Electronics,77.4,0,0
2023-06-11,P001,Electronics,112.0,0,1
2023-06-12,P001,Electronics,64.5,0,0
2023-06-13,P001,Electronics,70.1,0,0
2023-06-14,P001,Electronics,103.6,0,1
2023-06-15,P001,Electronics,66.8,0,0
2023-06-16,P001,Electronics,77.4,0,0
2023-06-17,P001,Electronics,79.6,0,0
2023-06-18,P001,Electronics,69.8,0,0
2023-06-19,P001,Electronics,135.6,1,0
2023-06-20,P001,Electronics,63.7,0,0
2023-06-21,P001,Electronics,68.2,0,0
2023-06-22,P001,Electronics,106.2,0,1
2023-06-23,P001,Electronics,69.3,0,0
2023-06-24,P001,Electronics,77.7,0,0
2023-06-25,P001,Electronics,67.3,0,0
2023-06-26,P001,Electronics,62.9,0,0
2023-06-27,P001,Electronics,68.2,0,0
2023-06-28,P001,Electronics,61.2,0,0
2023-06-29,P001,Electronics,56.8,0,0
2023-06-30,P001,Electronics,75.5,0,0
2023-07-01,P001,Electronics,83.4,0,0
2023-07-02,P001,Electronics,65.2,0,0
2023-07-03,P001,Electronics,54.2,0,0
2023-07-04,P001,Electronics,121.3,1,0
2023-07-05,P001,Electronics,61.6,0,0
2023-07-06,P001,Electronics,63.1,0,0
2023-07-07,P001,Electronics,62.1,0,0
2023-07-08,P001,Electronics,73.0,0,0
2023-07-09,P001,Electronics,66.4,0,0
2023-07-10,P001,Electronics,53.5,0,0
2023-07-11,P001,Electronics,60.4,0,0
2023-07-12,P001,Electronics,68.5,0,0
2023-07-13,P001,Electronics,62.2,0,0
2023-07-14,P001,Electronics,62.8,0,0
2023-07-15,P001,Electronics,67.7,0,0
2023-07-16,P001,Electronics,64.5,0,0
2023-07-17,P001,Electronics,50.3,0,0
2023-07-18,P001,Electronics,56.0,0,0
2023-07-19,P001,Electronics,56.5,0,0
2023-07-20,P001,Electronics,66.7,0,0
2023-07-21,P001,Electronics,97.3,0,1
2023-07-22,P001,Electronics,72.9,0,0
2023-07-23,P001,Electronics,55.5,0,0
2023-07-24,P001,Electronics,57.5,0,0
2023-07-25,P001,Electronics,54.6,0,0
2023-07-26,P001,Electronics,52.6,0,0
2023-07-27,P001,Electronics,58.1,0,0
2023-07-28,P001,Electronics,64.9,0,0
2023-07-29,P001,Electronics,63.0,0,0
2023-07-30,P001,Electronics,51.3,0,0
2023-07-31,P001,Electronics,53.3,0,0
2023-08-01,P001,Electronics,48.0,0,0
2023-08-02,P001,Electronics,89.0,0,1
2023-08-03,P001,Electronics,55.4,0,0
2023-08-04,P001,Electronics,51.6,0,0
2023-08-05,P001,Electronics,56.3,0,0
2023-08-06,P001,Electronics,94.5,0,1
2023-08-07,P001,Electronics,49.8,0,0
2023-08-08,P001,Electronics,39.9,0,0
2023-08-09,P001,Electronics,56.1,0,0
2023-08-10,P001,Electronics,55.4,0,0
2023-08-11,P001,Electronics,54.3,0,0
2023-08-12,P001,Electronics,56.2,0,0
2023-08-13,P001,Electronics,58.7,0,0
2023-08-14,P001,Electronics,52.1,0,0
2023-08-15,P001,Electronics,58.6,0,0
2023-08-16,P001,Electronics,53.6,0,0
2023-08-17,P001,Electronics,54.8,0,0
2023-08-18,P001,Electronics,55.5,0,0
2023-08-19,P001,Electronics,63.8,0,0
2023-08-20,P001,Electronics,57.0,0,0
2023-08-21,P001,Electronics,54.9,0,0
2023-08-22,P001,Electronics,46.2,0,0
2023-08-23,P001,Electronics,49.4,0,0
2023-08-24,P001,Electronics,50.7,0,0
2023-08-25,P001,Electronics,58.7,0,0
2023-08-26,P001,Electronics,66.0,0,0
2023-08-27,P001,Electronics,52.1,0,0
2023-08-28,P001,Electronics,47.7,0,0
2023-08-29,P001,Electronics,49.1,0,0
2023-08-30,P001,Electronics,49.8,0,0
2023-08-31,P001,Electronics,56.1,0,0
2023-09-01,P001,Electronics,46.2,0,0
2023-09-02,P001,Electronics,56.4,0,0
2023-09-03,P001,Electronics,50.6,0,0
2023-09-04,P001,Electronics,39.9,0,0
2023-09-05,P001,Electronics,106.4,1,0
2023-09-06,P001,Electronics,47.1,0,0
2023-09-07,P001,Electronics,87.5,0,1
2023-09-08,P001,Electronics,59.8,0,0
2023-09-09,P001,Electronics,58.9,0,0
2023-09-10,P001,Electronics,49.8,0,0
2023-09-11,P001,Electronics,49.2,0,0
2023-09-12,P001,Electronics,52.2,0,0
2023-09-13,P001,Electronics,47.2,0,0
2023-09-14,P001,Electronics,49.0,0,0
2023-09-15,P001,Electronics,58.0,0,0
2023-09-16,P001,Electronics,59.5,0,0
2023-09-17,P001,Electronics,57.0,0,0
2023-09-18,P001,Electronics,50.0,0,0
2023-09-19,P001,Electronics,51.5,0,0
2023-09-20,P001,Electronics,47.6,0,0
2023-09-21,P001,Electronics,53.4,0,0
2023-09-22,P001,Electronics,55.7,0,0
2023-09-23,P001,Electronics,56.3,0,0
2023-09-24,P001,Electronics,49.1,0,0
2023-09-25,P001,Electronics,53.7,0,0
2023-09-26,P001,Electronics,48.3,0,0
2023-09-27,P001,Electronics,48.7,0,0
2023-09-28,P001,Electronics,54.1,0,0
2023-09-29,P001,Electronics,62.2,0,0
2023-09-30,P001,Electronics,53.3,0,0
2023-10-01,P001,Electronics,50.6,0,0
2023-10-02,P001,Electronics,48.6,0,0
2023-10-03,P001,Electronics,56.8,0,0
2023-10-04,P001,Electronics,55.3,0,0
2023-10-05,P001,Electronics,59.0,0,0
2023-10-06,P001,Electronics,54.6,0,0
2023-10-07,P001,Electronics,59.4,0,0
2023-10-08,P001,Electronics,59.9,0,0
2023-10-09,P001,Electronics,54.1,0,0
2023-10-10,P001,Electronics,117.4,1,0
2023-10-11,P001,Electronics,55.2,0,0
2023-10-12,P001,Electronics,58.8,0,0
2023-10-13,P001,Electronics,61.6,0,0
2023-10-14,P001,Electronics,68.9,0,0
2023-10-15,P001,Electronics,63.3,0,0
2023-10-16,P001,Electronics,49.3,0,0
2023-10-17,P001,Electronics,45.6,0,0
2023-10-18,P001,Electronics,61.9,0,0
2023-10-19,P001,Electronics,64.5,0,0
2023-10-20,P001,Electronics,59.0,0,0
2023-10-21,P001,Electronics,60.4,0,0
2023-10-22,P001,Electronics,62.6,0,0
2023-10-23,P001,Electronics,61.7,0,0
2023-10-24,P001,Electronics,64.0,0,0
2023-10-25,P001,Electronics,98.3,0,1
2023-10-26,P001,Electronics,60.6,0,0
2023-10-27,P001,Electronics,61.8,0,0
2023-10-28,P001,Electronics,70.3,0,0
2023-10-29,P001,Electronics,99.4,0,1
2023-10-30,P001,Electronics,56.4,0,0
2023-10-31,P001,Electronics,67.5,0,0
2023-11-01,P001,Electronics,132.4,1,0
2023-11-02,P001,Electronics,69.1,0,0
2023-11-03,P001,Electronics,64.3,0,0
2023-11-04,P001,Electronics,76.3,0,0
2023-11-05,P001,Electronics,69.8,0,0
2023-11-06,P001,Electronics,64.9,0,0
2023-11-07,P001,Electronics,67.0,0,0
2023-11-08,P001,Electronics,68.0,0,0
2023-11-09,P001,Electronics,70.3,0,0
2023-11-10,P001,Electronics,73.3,0,0
2023-11-11,P001,Electronics,139.5,1,0
2023-11-12,P001,Electronics,62.9,0,0
2023-11-13,P001,Electronics,66.3,0,0
2023-11-14,P001,Electronics,62.7,0,0
2023-11-15,P001,Electronics,63.2,0,0
2023-11-16,P001,Electronics,77.0,0,0
2023-11-17,P001,Electronics,80.6,0,0
2023-11-18,P001,Electronics,84.0,0,0
2023-11-19,P001,Electronics,74.0,0,0
2023-11-20,P001,Electronics,110.4,0,1
2023-11-21,P001,Electronics,67.9,0,0
2023-11-22,P001,Electronics,72.1,0,0
2023-11-23,P001,Electronics,68.9,0,0
2023-11-24,P001,Electronics,153.3,1,0
2023-11-25,P001,Electronics,144.4,1,0
2023-11-26,P001,Electronics,70.9,0,0
2023-11-27,P001,Electronics,71.8,0,0
2023-11-28,P001,Electronics,70.7,0,0
2023-11-29,P001,Electronics,81.6,0,0
2023-11-30,P001,Electronics,80.0,0,0
2023-12-01,P001,Electronics,79.9,0,0
2023-12-02,P001,Electronics,85.8,0,0
2023-12-03,P001,Electronics,79.4,0,0
2023-12-04,P001,Electronics,74.4,0,0
2023-12-05,P001,Electronics,69.8,0,0
2023-12-06,P001,Electronics,77.0,0,0
2023-12-07,P001,Electronics,76.5,0,0
2023-12-08,P001,Electronics,78.0,0,0
2023-12-09,P001,Electronics,90.0,0,0
2023-12-10,P001,Electronics,83.9,0,0
2023-12-11,P001,Electronics,107.2,0,1
2023-12-12,P001,Electronics,76.8,0,0
2023-12-13,P001,Electronics,84.7,0,0
2023-12-14,P001,Electronics,86.9,0,0
2023-12-15,P001,Electronics,90.2,0,0
2023-12-16,P001,Electronics,91.2,0,0
2023-12-17,P001,Electronics,82.1,0,0
2023-12-18,P001,Electronics,77.1,0,0
2023-12-19,P001,Electronics,117.8,0,1
2023-12-20,P001,Electronics,85.3,0,0
2023-12-21,P001,Electronics,90.9,0,0
2023-12-22,P001,Electronics,93.6,0,0
2023-12-23,P001,Electronics,93.6,0,0
2023-12-24,P001,Electronics,146.1,1,0
2023-12-25,P001,Electronics,145.7,1,0
2023-12-26,P001,Electronics,146.8,1,0
2023-12-27,P001,Electronics,86.0,0,0
2023-12-28,P001,Electronics,86.5,0,0
2023-12-29,P001,Electronics,93.2,0,0
2023-12-30,P001,Electronics,95.1,0,0
2023-12-31,P001,Electronics,187.5,1,1
2024-01-01,P001,Electronics,187.2,1,1
2024-01-02,P001,Electronics,84.7,0,0
2024-01-03,P001,Electronics,90.7,0,0
2024-01-04,P001,Electronics,92.7,0,0
2024-01-05,P001,Electronics,126.5,0,1
2024-01-06,P001,Electronics,98.0,0,0
2024-01-07,P001,Electronics,136.1,0,1
2024-01-08,P001,Electronics,85.5,0,0
2024-01-09,P001,Electronics,80.6,0,0
2024-01-10,P001,Electronics,85.0,0,0
2024-01-11,P001,Electronics,94.4,0,0
2024-01-12,P001,Electronics,97.8,0,0
2024-01-13,P001,Electronics,102.1,0,0
2024-01-14,P001,Electronics,101.8,0,0
2024-01-15,P001,Electronics,118.1,0,1
2024-01-16,P001,Electronics,93.2,0,0
2024-01-17,P001,Electronics,163.7,1,0
2024-01-18,P001,Electronics,92.3,0,0
2024-01-19,P001,Electronics,98.6,0,0
2024-01-20,P001,Electronics,102.0,0,0
2024-01-21,P001,Electronics,95.7,0,0
2024-01-22,P001,Electronics,129.8,0,1
2024-01-23,P001,Electronics,99.6,0,0
2024-01-24,P001,Electronics,104.6,0,0
2024-01-25,P001,Electronics,97.7,0,0
2024-01-26,P001,Electronics,110.0,0,0
2024-01-27,P001,Electronics,107.3,0,0
2024-01-28,P001,Electronics,108.4,0,0
2024-01-29,P001,Electronics,96.8,0,0
2024-01-30,P001,Electronics,96.5,0,0
2024-01-31,P001,Electronics,100.7,0,0
2024-02-01,P001,Electronics,113.7,0,0
2024-02-02,P001,Electronics,107.7,0,0
2024-02-03,P001,Electronics,106.2,0,0
2024-02-04,P001,Electronics,107.1,0,0
2024-02-05,P001,Electronics,97.5,0,0
2024-02-06,P001,Electronics,131.8,0,1
2024-02-07,P001,Electronics,104.6,0,0
2024-02-08,P001,Electronics,102.8,0,0
2024-02-09,P001,Electronics,107.0,0,0
2024-02-10,P001,Electronics,110.6,0,0
2024-02-11,P001,Electronics,106.1,0,0
2024-02-12,P001,Electronics,102.2,0,0
2024-02-13,P001,Electronics,91.4,0,0
2024-02-14,P001,Electronics,105.0,0,0
2024-02-15,P001,Electronics,100.1,0,0
2024-02-16,P001,Electronics,101.4,0,0
2024-02-17,P001,Electronics,111.6,0,0
2024-02-18,P001,Electronics,142.3,0,1
2024-02-19,P001,Electronics,98.8,0,0
2024-02-20,P001,Electronics,103.6,0,0
2024-02-21,P001,Electronics,160.5,1,0
2024-02-22,P001,Electronics,139.4,0,1
2024-02-23,P001,Electronics,105.8,0,0
2024-02-24,P001,Electronics,112.5,0,0
2024-02-25,P001,Electronics,107.9,0,0
2024-02-26,P001,Electronics,98.4,0,0
2024-02-27,P001,Electronics,103.9,0,0
2024-02-28,P001,Electronics,104.3,0,0
2024-02-29,P001,Electronics,98.1,0,0
2024-03-01,P001,Electronics,100.9,0,0
2024-03-02,P001,Electronics,113.2,0,0
2024-03-03,P001,Electronics,106.4,0,0
2024-03-04,P001,Electronics,138.4,0,1
2024-03-05,P001,Electronics,101.3,0,0
2024-03-06,P001,Electronics,105.3,0,0
2024-03-07,P001,Electronics,145.7,0,1
2024-03-08,P001,Electronics,140.5,0,1
2024-03-09,P001,Electronics,108.7,0,0
2024-03-10,P001,Electronics,103.1,0,0
2024-03-11,P001,Electronics,104.1,0,0
2024-03-12,P001,Electronics,106.4,0,0
2024-03-13,P001,Electronics,102.6,0,0
2024-03-14,P001,Electronics,95.8,0,0
2024-03-15,P001,Electronics,102.0,0,0
2024-03-16,P001,Electronics,145.9,0,1
2024-03-17,P001,Electronics,105.0,0,0
2024-03-18,P001,Electronics,101.0,0,0
2024-03-19,P001,Electronics,137.2,0,1
2024-03-20,P001,Electronics,102.7,0,0
2024-03-21,P001,Electronics,109.6,0,0
2024-03-22,P001,Electronics,105.6,0,0
2024-03-23,P001,Electronics,109.3,0,0
2024-03-24,P001,Electronics,108.5,0,0
2024-03-25,P001,Electronics,95.8,0,0
2024-03-26,P001,Electronics,101.9,0,0
2024-03-27,P001,Electronics,103.7,0,0
2024-03-28,P001,Electronics,104.0,0,0
2024-03-29,P001,Electronics,113.8,0,0
2024-03-30,P001,Electronics,109.3,0,0
2024-03-31,P001,Electronics,113.9,0,0
2024-04-01,P001,Electronics,100.1,0,0
2024-04-02,P001,Electronics,94.2,0,0
2024-04-03,P001,Electronics,102.4,0,0
2024-04-04,P001,Electronics,135.2,0,1
2024-04-05,P001,Electronics,103.3,0,0
2024-04-06,P001,Electronics,112.2,0,0
2024-04-07,P001,Electronics,106.6,0,0
2024-04-08,P001,Electronics,97.2,0,0
2024-04-09,P001,Electronics,101.9,0,0
2024-04-10,P001,Electronics,105.4,0,0
2024-04-11,P001,Electronics,107.8,0,0
2024-04-12,P001,Electronics,106.9,0,0
2024-04-13,P001,Electronics,114.5,0,0
2024-04-14,P001,Electronics,95.3,0,0
2024-04-15,P001,Electronics,96.8,0,0
2024-04-16,P001,Electronics,92.8,0,0
2024-04-17,P001,Electronics,99.5,0,0
2024-04-18,P001,Electronics,98.0,0,0
2024-04-19,P001,Electronics,102.4,0,0
2024-04-20,P001,Electronics,114.8,0,0
2024-04-21,P001,Electronics,100.3,0,0
2024-04-22,P001,Electronics,97.8,0,0
2024-04-23,P001,Electronics,93.5,0,0
2024-04-24,P001,Electronics,97.4,0,0
2024-04-25,P001,Electronics,98.3,0,0
2024-04-26,P001,Electronics,102.8,0,0
2024-04-27,P001,Electronics,109.8,0,0
2024-04-28,P001,Electronics,105.4,0,0
2024-04-29,P001,Electronics,95.3,0,0
2024-04-30,P001,Electronics,94.6,0,0
2024-05-01,P001,Electronics,90.3,0,0
2024-05-02,P001,Electronics,95.7,0,0
2024-05-03,P001,Electronics,138.5,0,1
2024-05-04,P001,Electronics,106.3,0,0
2024-05-05,P001,Electronics,97.3,0,0
2024-05-06,P001,Electronics,95.2,0,0
2024-05-07,P001,Electronics,91.8,0,0
2024-05-08,P001,Electronics,97.2,0,0
2024-05-09,P001,Electronics,130.7,0,1
2024-05-10,P001,Electronics,94.8,0,0
2024-05-11,P001,Electronics,101.7,0,0
2024-05-12,P001,Electronics,82.3,0,0
2024-05-13,P001,Electronics,126.6,0,1
2024-05-14,P001,Electronics,72.6,0,0
2024-05-15,P001,Electronics,82.9,0,0
2024-05-16,P001,Electronics,128.8,0,1
2024-05-17,P001,Electronics,95.5,0,0
2024-05-18,P001,Electronics,93.0,0,0
2024-05-19,P001,Electronics,88.4,0,0
2024-05-20,P001,Electronics,91.9,0,0
2024-05-21,P001,Electronics,118.6,0,1
2024-05-22,P001,Electronics,96.1,0,0
2024-05-23,P001,Electronics,88.2,0,0
2024-05-24,P001,Electronics,92.5,0,0
2024-05-25,P001,Electronics,101.4,0,0
2024-05-26,P001,Electronics,89.0,0,0
2024-05-27,P001,Electronics,79.6,0,0
2024-05-28,P001,Electronics,81.3,0,0
2024-05-29,P001,Electronics,84.2,0,0
2024-05-30,P001,Electronics,142.4,1,0
2024-05-31,P001,Electronics,87.0,0,0
2024-06-01,P001,Electronics,89.1,0,0
2024-06-02,P001,Electronics,89.4,0,0
2024-06-03,P001,Electronics,80.9,0,0
2024-06-04,P001,Electronics,77.7,0,0
2024-06-05,P001,Electronics,81.0,0,0
2024-06-06,P001,Electronics,83.4,0,0
2024-06-07,P001,Electronics,87.6,0,0
2024-06-08,P001,Electronics,85.2,0,0
2024-06-09,P001,Electronics,78.6,0,0
2024-06-10,P001,Electronics,82.3,0,0
2024-06-11,P001,Electronics,74.3,0,0
2024-06-12,P001,Electronics,72.9,0,0
2024-06-13,P001,Electronics,81.4,0,0
2024-06-14,P001,Electronics,84.1,0,0
2024-06-15,P001,Electronics,80.2,0,0
2024-06-16,P001,Electronics,116.9,0,1
2024-06-17,P001,Electronics,78.0,0,0
2024-06-18,P001,Electronics,74.6,0,0
2024-06-19,P001,Electronics,140.8,1,0
2024-06-20,P001,Electronics,71.2,0,0
2024-06-21,P001,Electronics,80.8,0,0
2024-06-22,P001,Electronics,82.3,0,0
2024-06-23,P001,Electronics,75.2,0,0
2024-06-24,P001,Electronics,75.8,0,0
2024-06-25,P001,Electronics,76.3,0,0
2024-06-26,P001,Electronics,80.2,0,0
2024-06-27,P001,Electronics,79.4,0,0
2024-06-28,P001,Electronics,76.3,0,0
2024-06-29,P001,Electronics,118.3,0,1
2024-06-30,P001,Electronics,77.6,0,0
2024-07-01,P001,Electronics,70.1,0,0
2024-07-02,P001,Electronics,68.3,0,0
2024-07-03,P001,Electronics,73.7,0,0
2024-07-04,P001,Electronics,133.8,1,0
2024-07-05,P001,Electronics,71.2,0,0
2024-07-06,P001,Electronics,76.7,0,0
2024-07-07,P001,Electronics,74.5,0,0
2024-07-08,P001,Electronics,67.1,0,0
2024-07-09,P001,Electronics,66.6,0,0
2024-07-10,P001,Electronics,70.6,0,0
2024-07-11,P001,Electronics,67.6,0,0
2024-07-12,P001,Electronics,74.8,0,0
2024-07-13,P001,Electronics,77.5,0,0
2024-07-14,P001,Electronics,64.7,0,0
2024-07-15,P001,Electronics,106.6,0,1
2024-07-16,P001,Electronics,61.0,0,0
2024-07-17,P001,Electronics,59.1,0,0
2024-07-18,P001,Electronics,62.7,0,0
2024-07-19,P001,Electronics,65.5,0,0
2024-07-20,P001,Electronics,74.0,0,0
2024-07-21,P001,Electronics,66.4,0,0
2024-07-22,P001,Electronics,61.4,0,0
2024-07-23,P001,Electronics,63.4,0,0
2024-07-24,P001,Electronics,65.0,0,0
2024-07-25,P001,Electronics,66.2,0,0
2024-07-26,P001,Electronics,69.3,0,0
2024-07-27,P001,Electronics,74.4,0,0
2024-07-28,P001,Electronics,57.2,0,0
2024-07-29,P001,Electronics,59.4,0,0
2024-07-30,P001,Electronics,50.4,0,0
2024-07-31,P001,Electronics,62.1,0,0
2024-08-01,P001,Electronics,63.2,0,0
2024-08-02,P001,Electronics,106.2,0,1
2024-08-03,P001,Electronics,75.0,0,0
2024-08-04,P001,Electronics,64.9,0,0
2024-08-05,P001,Electronics,57.4,0,0
2024-08-06,P001,Electronics,59.6,0,0
2024-08-07,P001,Electronics,58.4,0,0
2024-08-08,P001,Electronics,61.8,0,0
2024-08-09,P001,Electronics,68.6,0,0
2024-08-10,P001,Electronics,66.7,0,0
2024-08-11,P001,Electronics,66.0,0,0
2024-08-12,P001,Electronics,60.9,0,0
2024-08-13,P001,Electronics,52.7,0,0
2024-08-14,P001,Electronics,63.2,0,0
2024-08-15,P001,Electronics,99.5,0,1
2024-08-16,P001,Electronics,64.0,0,0
2024-08-17,P001,Electronics,64.9,0,0
2024-08-18,P001,Electronics,58.4,0,0
2024-08-19,P001,Electronics,55.1,0,0
2024-08-20,P001,Electronics,57.8,0,0
2024-08-21,P001,Electronics,54.7,0,0
2024-08-22,P001,Electronics,61.7,0,0
2024-08-23,P001,Electronics,57.9,0,0
2024-08-24,P001,Electronics,66.5,0,0
2024-08-25,P001,Electronics,61.7,0,0
2024-08-26,P001,Electronics,66.5,0,0
2024-08-27,P001,Electronics,49.7,0,0
2024-08-28,P001,Electronics,64.0,0,0
2024-08-29,P001,Electronics,60.2,0,0
2024-08-30,P001,Electronics,64.2,0,0
2024-08-31,P001,Electronics,67.5,0,0
2024-09-01,P001,Electronics,98.8,0,1
2024-09-02,P001,Electronics,55.9,0,0
2024-09-03,P001,Electronics,60.8,0,0
2024-09-04,P001,Electronics,56.2,0,0
2024-09-05,P001,Electronics,126.6,1,0
2024-09-06,P001,Electronics,60.0,0,0
2024-09-07,P001,Electronics,66.9,0,0
2024-09-08,P001,Electronics,56.9,0,0
2024-09-09,P001,Electronics,58.5,0,0
2024-09-10,P001,Electronics,61.0,0,0
2024-09-11,P001,Electronics,58.0,0,0
2024-09-12,P001,Electronics,59.1,0,0
2024-09-13,P001,Electronics,58.5,0,0
2024-09-14,P001,Electronics,102.6,0,1
2024-09-15,P001,Electronics,55.3,0,0
2024-09-16,P001,Electronics,53.6,0,0
2024-09-17,P001,Electronics,56.8,0,0
2024-09-18,P001,Electronics,64.2,0,0
2024-09-19,P001,Electronics,71.8,0,0
2024-09-20,P001,Electronics,61.4,0,0
2024-09-21,P001,Electronics,74.1,0,0
2024-09-22,P001,Electronics,63.5,0,0
2024-09-23,P001,Electronics,93.5,0,1
2024-09-24,P001,Electronics,58.5,0,0
2024-09-25,P001,Electronics,60.2,0,0
2024-09-26,P001,Electronics,62.1,0,0
2024-09-27,P001,Electronics,63.2,0,0
2024-09-28,P001,Electronics,63.9,0,0
2024-09-29,P001,Electronics,57.5,0,0
2024-09-30,P001,Electronics,62.0,0,0
2024-10-01,P001,Electronics,57.0,0,0
2024-10-02,P001,Electronics,58.9,0,0
2024-10-03,P001,Electronics,63.1,0,0
2024-10-04,P001,Electronics,69.4,0,0
2024-10-05,P001,Electronics,71.7,0,0
2024-10-06,P001,Electronics,62.6,0,0
2024-10-07,P001,Electronics,65.9,0,0
2024-10-08,P001,Electronics,66.0,0,0
2024-10-09,P001,Electronics,64.9,0,0
2024-10-10,P001,Electronics,131.1,1,0
2024-10-11,P001,Electronics,73.0,0,0
2024-10-12,P001,Electronics,77.3,0,0
2024-10-13,P001,Electronics,69.5,0,0
2024-10-14,P001,Electronics,65.2,0,0
2024-10-15,P001,Electronics,63.7,0,0
2024-10-16,P001,Electronics,60.5,0,0
2024-10-17,P001,Electronics,69.5,0,0
2024-10-18,P001,Electronics,64.6,0,0
2024-10-19,P001,Electronics,71.7,0,0
2024-10-20,P001,Electronics,74.4,0,0
2024-10-21,P001,Electronics,104.4,0,1
2024-10-22,P001,Electronics,69.8,0,0
2024-10-23,P001,Electronics,66.1,0,0
2024-10-24,P001,Electronics,64.4,0,0
2024-10-25,P001,Electronics,71.4,0,0
2024-10-26,P001,Electronics,77.6,0,0
2024-10-27,P001,Electronics,71.9,0,0
2024-10-28,P001,Electronics,71.9,0,0
2024-10-29,P001,Electronics,64.8,0,0
2024-10-30,P001,Electronics,71.0,0,0
2024-10-31,P001,Electronics,67.6,0,0
2024-11-01,P001,Electronics,139.2,1,0
2024-11-02,P001,Electronics,79.8,0,0
2024-11-03,P001,Electronics,71.2,0,0
2024-11-04,P001,Electronics,105.1,0,1
2024-11-05,P001,Electronics,68.2,0,0
2024-11-06,P001,Electronics,71.3,0,0
2024-11-07,P001,Electronics,81.3,0,0
2024-11-08,P001,Electronics,77.2,0,0
2024-11-09,P001,Electronics,81.6,0,0
2024-11-10,P001,Electronics,68.6,0,0
2024-11-11,P001,Electronics,131.8,1,0
2024-11-12,P001,Electronics,70.7,0,0
2024-11-13,P001,Electronics,72.5,0,0
2024-11-14,P001,Electronics,118.6,0,1
2024-11-15,P001,Electronics,79.9,0,0
2024-11-16,P001,Electronics,90.6,0,0
2024-11-17,P001,Electronics,80.1,0,0
2024-11-18,P001,Electronics,76.0,0,0
2024-11-19,P001,Electronics,74.4,0,0
2024-11-20,P001,Electronics,78.2,0,0
2024-11-21,P001,Electronics,87.0,0,0
2024-11-22,P001,Electronics,149.3,1,0
2024-11-23,P001,Electronics,80.5,0,0
2024-11-24,P001,Electronics,143.3,1,0
2024-11-25,P001,Electronics,177.5,1,1
2024-11-26,P001,Electronics,80.6,0,0
2024-11-27,P001,Electronics,83.2,0,0
2024-11-28,P001,Electronics,81.7,0,0
2024-11-29,P001,Electronics,165.8,1,0
2024-11-30,P001,Electronics,95.8,0,0
2024-12-01,P001,Electronics,86.8,0,0
2024-12-02,P001,Electronics,85.9,0,0
2024-12-03,P001,Electronics,82.1,0,0
2024-12-04,P001,Electronics,82.2,0,0
2024-12-05,P001,Electronics,89.2,0,0
2024-12-06,P001,Electronics,90.3,0,0
2024-12-07,P001,Electronics,94.8,0,0
2024-12-08,P001,Electronics,95.1,0,0
2024-12-09,P001,Electronics,75.4,0,0
2024-12-10,P001,Electronics,78.5,0,0
2024-12-11,P001,Electronics,82.8,0,0
2024-12-12,P001,Electronics,88.1,0,0
2024-12-13,P001,Electronics,92.0,0,0
2024-12-14,P001,Electronics,91.9,0,0
2024-12-15,P001,Electronics,88.4,0,0
2024-12-16,P001,Electronics,84.9,0,0
2024-12-17,P001,Electronics,97.1,0,0
2024-12-18,P001,Electronics,97.9,0,0
2024-12-19,P001,Electronics,91.0,0,0
2024-12-20,P001,Electronics,94.6,0,0
2024-12-21,P001,Electronics,96.4,0,0
2024-12-22,P001,Electronics,87.8,0,0
2024-12-23,P001,Electronics,90.9,0,0
2024-12-24,P001,Electronics,148.8,1,0
2024-12-25,P001,Electronics,191.9,1,1
2024-12-26,P001,Electronics,151.7,1,0
2024-12-27,P001,Electronics,96.0,0,0
2024-12-28,P001,Electronics,104.6,0,0
2024-12-29,P001,Electronics,99.9,0,0
2024-12-30,P001,Electronics,96.0,0,0
2024-12-31,P001,Electronics,150.4,1,0
2022-01-01,P002,Clothing,195.1,1,0
2022-01-02,P002,Clothing,187.7,0,1
2022-01-03,P002,Clothing,116.9,0,0
2022-01-04,P002,Clothing,119.7,0,0
2022-01-05,P002,Clothing,122.1,0,0
2022-01-06,P002,Clothing,130.9,0,0
2022-01-07,P002,Clothing,135.6,0,0
2022-01-08,P002,Clothing,136.3,0,0
2022-01-09,P002,Clothing,134.3,0,0
2022-01-10,P002,Clothing,175.5,0,1
2022-01-11,P002,Clothing,118.4,0,0
2022-01-12,P002,Clothing,117.2,0,0
2022-01-13,P002,Clothing,134.2,0,0
2022-01-14,P002,Clothing,131.3,0,0
2022-01-15,P002,Clothing,139.9,0,0
2022-01-16,P002,Clothing,142.1,0,0
2022-01-17,P002,Clothing,164.1,1,0
2022-01-18,P002,Clothing,107.8,0,0
2022-01-19,P002,Clothing,128.5,0,0
2022-01-20,P002,Clothing,126.5,0,0
2022-01-21,P002,Clothing,132.8,0,0
2022-01-22,P002,Clothing,135.1,0,0
2022-01-23,P002,Clothing,136.5,0,0
2022-01-24,P002,Clothing,132.9,0,0
2022-01-25,P002,Clothing,128.1,0,0
2022-01-26,P002,Clothing,126.6,0,0
2022-01-27,P002,Clothing,125.3,0,0
2022-01-28,P002,Clothing,130.7,0,0
2022-01-29,P002,Clothing,195.8,0,1
2022-01-30,P002,Clothing,140.1,0,0
2022-01-31,P002,Clothing,127.3,0,0
2022-02-01,P002,Clothing,114.4,0,0
2022-02-02,P002,Clothing,122.9,0,0
2022-02-03,P002,Clothing,122.3,0,0
2022-02-04,P002,Clothing,192.6,0,1
2022-02-05,P002,Clothing,147.3,0,0
2022-02-06,P002,Clothing,126.6,0,0
2022-02-07,P002,Clothing,127.2,0,0
2022-02-08,P002,Clothing,130.7,0,0
2022-02-09,P002,Clothing,126.8,0,0
2022-02-10,P002,Clothing,115.1,0,0
2022-02-11,P002,Clothing,129.5,0,0
2022-02-12,P002,Clothing,155.9,0,0
2022-02-13,P002,Clothing,123.2,0,0
2022-02-14,P002,Clothing,122.1,0,0
2022-02-15,P002,Clothing,119.2,0,0
2022-02-16,P002,Clothing,134.4,0,0
2022-02-17,P002,Clothing,127.4,0,0
2022-02-18,P002,Clothing,139.2,0,0
2022-02-19,P002,Clothing,152.3,0,0
2022-02-20,P002,Clothing,153.3,0,0
2022-02-21,P002,Clothing,183.5,1,0
2022-02-22,P002,Clothing,129.7,0,0
2022-02-23,P002,Clothing,120.2,0,0
2022-02-24,P002,Clothing,203.8,0,1
2022-02-25,P002,Clothing,132.1,0,0
2022-02-26,P002,Clothing,145.4,0,0
2022-02-27,P002,Clothing,141.6,0,0
2022-02-28,P002,Clothing,178.9,0,1
2022-03-01,P002,Clothing,128.8,0,0
2022-03-02,P002,Clothing,135.9,0,0
2022-03-03,P002,Clothing,197.9,0,1
2022-03-04,P002,Clothing,126.6,0,0
2022-03-05,P002,Clothing,148.0,0,0
2022-03-06,P002,Clothing,146.2,0,0
2022-03-07,P002,Clothing,112.6,0,0
2022-03-08,P002,Clothing,120.1,0,0
2022-03-09,P002,Clothing,198.9,0,1
2022-03-10,P002,Clothing,133.3,0,0
2022-03-11,P002,Clothing,138.9,0,0
2022-03-12,P002,Clothing,160.0,0,0
2022-03-13,P002,Clothing,143.8,0,0
2022-03-14,P002,Clothing,128.1,0,0
2022-03-15,P002,Clothing,143.5,0,0
2022-03-16,P002,Clothing,127.0,0,0
2022-03-17,P002,Clothing,125.5,0,0
2022-03-18,P002,Clothing,138.0,0,0
2022-03-19,P002,Clothing,149.9,0,0
2022-03-20,P002,Clothing,136.3,0,0
2022-03-21,P002,Clothing,116.1,0,0
2022-03-22,P002,Clothing,139.7,0,0
2022-03-23,P002,Clothing,129.2,0,0
2022-03-24,P002,Clothing,188.6,0,1
2022-03-25,P002,Clothing,139.7,0,0
2022-03-26,P002,Clothing,144.9,0,0
2022-03-27,P002,Clothing,136.6,0,0
2022-03-28,P002,Clothing,124.8,0,0
2022-03-29,P002,Clothing,115.0,0,0
2022-03-30,P002,Clothing,127.7,0,0
2022-03-31,P002,Clothing,139.8,0,0
2022-04-01,P002,Clothing,135.1,0,0
2022-04-02,P002,Clothing,141.4,0,0
2022-04-03,P002,Clothing,133.1,0,0
2022-04-04,P002,Clothing,116.6,0,0
2022-04-05,P002,Clothing,119.7,0,0
2022-04-06,P002,Clothing,121.0,0,0
2022-04-07,P002,Clothing,131.3,0,0
2022-04-08,P002,Clothing,182.9,0,1
2022-04-09,P002,Clothing,147.1,0,0
2022-04-10,P002,Clothing,131.6,0,0
2022-04-11,P002,Clothing,119.3,0,0
2022-04-12,P002,Clothing,111.8,0,0
2022-04-13,P002,Clothing,129.5,0,0
2022-04-14,P002,Clothing,195.0,0,1
2022-04-15,P002,Clothing,133.6,0,0
2022-04-16,P002,Clothing,129.4,0,0
2022-04-17,P002,Clothing,136.8,0,0
2022-04-18,P002,Clothing,180.9,0,1
2022-04-19,P002,Clothing,106.1,0,0
2022-04-20,P002,Clothing,182.2,0,1
2022-04-21,P002,Clothing,122.7,0,0
2022-04-22,P002,Clothing,128.3,0,0
2022-04-23,P002,Clothing,201.4,0,1
2022-04-24,P002,Clothing,130.6,0,0
2022-04-25,P002,Clothing,120.9,0,0
2022-04-26,P002,Clothing,185.3,0,1
2022-04-27,P002,Clothing,97.0,0,0
2022-04-28,P002,Clothing,115.3,0,0
2022-04-29,P002,Clothing,120.7,0,0
2022-04-30,P002,Clothing,122.1,0,0
2022-05-01,P002,Clothing,126.2,0,0
2022-05-02,P002,Clothing,116.4,0,0
2022-05-03,P002,Clothing,103.3,0,0
2022-05-04,P002,Clothing,114.4,0,0
2022-05-05,P002,Clothing,172.3,0,1
2022-05-06,P002,Clothing,114.2,0,0
2022-05-07,P002,Clothing,139.5,0,0
2022-05-08,P002,Clothing,118.9,0,0
2022-05-09,P002,Clothing,108.0,0,0
2022-05-10,P002,Clothing,95.0,0,0
2022-05-11,P002,Clothing,120.8,0,0
2022-05-12,P002,Clothing,114.7,0,0
2022-05-13,P002,Clothing,178.0,0,1
2022-05-14,P002,Clothing,130.3,0,0
2022-05-15,P002,Clothing,109.9,0,0
2022-05-16,P002,Clothing,109.2,0,0
2022-05-17,P002,Clothing,101.5,0,0
2022-05-18,P002,Clothing,104.1,0,0
2022-05-19,P002,Clothing,104.2,0,0
2022-05-20,P002,Clothing,107.9,0,0
2022-05-21,P002,Clothing,127.6,0,0
2022-05-22,P002,Clothing,117.1,0,0
2022-05-23,P002,Clothing,166.3,0,1
2022-05-24,P002,Clothing,100.0,0,0
2022-05-25,P002,Clothing,105.2,0,0
2022-05-26,P002,Clothing,101.1,0,0
2022-05-27,P002,Clothing,122.4,0,0
2022-05-28,P002,Clothing,109.6,0,0
2022-05-29,P002,Clothing,120.0,0,0
2022-05-30,P002,Clothing,163.4,1,0
2022-05-31,P002,Clothing,91.0,0,0
2022-06-01,P002,Clothing,112.7,0,0
2022-06-02,P002,Clothing,106.7,0,0
2022-06-03,P002,Clothing,110.8,0,0
2022-06-04,P002,Clothing,116.3,0,0
2022-06-05,P002,Clothing,107.0,0,0
2022-06-06,P002,Clothing,153.7,0,1
2022-06-07,P002,Clothing,95.5,0,0
2022-06-08,P002,Clothing,103.8,0,0
2022-06-09,P002,Clothing,97.9,0,0
2022-06-10,P002,Clothing,95.3,0,0
2022-06-11,P002,Clothing,117.9,0,0
2022-06-12,P002,Clothing,110.8,0,0
2022-06-13,P002,Clothing,91.8,0,0
2022-06-14,P002,Clothing,94.3,0,0
2022-06-15,P002,Clothing,89.7,0,0
2022-06-16,P002,Clothing,87.4,0,0
2022-06-17,P002,Clothing,92.1,0,0
2022-06-18,P002,Clothing,98.8,0,0
2022-06-19,P002,Clothing,163.1,1,0
2022-06-20,P002,Clothing,83.8,0,0
2022-06-21,P002,Clothing,83.4,0,0
2022-06-22,P002,Clothing,69.3,0,0
2022-06-23,P002,Clothing,82.1,0,0
2022-06-24,P002,Clothing,101.6,0,0
2022-06-25,P002,Clothing,101.8,0,0
2022-06-26,P002,Clothing,164.7,0,1
2022-06-27,P002,Clothing,72.2,0,0
2022-06-28,P002,Clothing,92.3,0,0
2022-06-29,P002,Clothing,84.1,0,0
2022-06-30,P002,Clothing,88.9,0,0
2022-07-01,P002,Clothing,106.3,0,0
2022-07-02,P002,Clothing,112.7,0,0
2022-07-03,P002,Clothing,93.4,0,0
2022-07-04,P002,Clothing,134.4,1,0
2022-07-05,P002,Clothing,142.1,0,1
2022-07-06,P002,Clothing,85.5,0,0
2022-07-07,P002,Clothing,83.5,0,0
2022-07-08,P002,Clothing,86.1,0,0
2022-07-09,P002,Clothing,109.6,0,0
2022-07-10,P002,Clothing,155.9,0,1
2022-07-11,P002,Clothing,90.2,0,0
2022-07-12,P002,Clothing,78.1,0,0
2022-07-13,P002,Clothing,91.0,0,0
2022-07-14,P002,Clothing,83.9,0,0
2022-07-15,P002,Clothing,92.3,0,0
2022-07-16,P002,Clothing,93.1,0,0
2022-07-17,P002,Clothing,84.8,0,0
2022-07-18,P002,Clothing,76.1,0,0
2022-07-19,P002,Clothing,81.5,0,0
2022-07-20,P002,Clothing,77.6,0,0
2022-07-21,P002,Clothing,71.2,0,0
2022-07-22,P002,Clothing,75.2,0,0
2022-07-23,P002,Clothing,150.5,0,1
2022-07-24,P002,Clothing,76.8,0,0
2022-07-25,P002,Clothing,71.8,0,0
2022-07-26,P002,Clothing,80.4,0,0
2022-07-27,P002,Clothing,75.3,0,0
2022-07-28,P002,Clothing,63.1,0,0
2022-07-29,P002,Clothing,80.9,0,0
2022-07-30,P002,Clothing,92.8,0,0
2022-07-31,P002,Clothing,99.8,0,0
2022-08-01,P002,Clothing,60.1,0,0
2022-08-02,P002,Clothing,69.1,0,0
2022-08-03,P002,Clothing,84.7,0,0
2022-08-04,P002,Clothing,78.9,0,0
2022-08-05,P002,Clothing,148.2,0,1
2022-08-06,P002,Clothing,157.2,0,1
2022-08-07,P002,Clothing,87.2,0,0
2022-08-08,P002,Clothing,73.1,0,0
2022-08-09,P002,Clothing,129.2,0,1
2022-08-10,P002,Clothing,78.3,0,0
2022-08-11,P002,Clothing,66.1,0,0
2022-08-12,P002,Clothing,145.7,0,1
2022-08-13,P002,Clothing,92.6,0,0
2022-08-14,P002,Clothing,80.2,0,0
2022-08-15,P002,Clothing,67.1,0,0
2022-08-16,P002,Clothing,65.6,0,0
2022-08-17,P002,Clothing,65.0,0,0
2022-08-18,P002,Clothing,72.0,0,0
2022-08-19,P002,Clothing,71.9,0,0
2022-08-20,P002,Clothing,93.0,0,0
2022-08-21,P002,Clothing,76.3,0,0
2022-08-22,P002,Clothing,71.4,0,0
2022-08-23,P002,Clothing,61.6,0,0
2022-08-24,P002,Clothing,68.0,0,0
2022-08-25,P002,Clothing,70.0,0,0
2022-08-26,P002,Clothing,87.3,0,0
2022-08-27,P002,Clothing,92.9,0,0
2022-08-28,P002,Clothing,82.2,0,0
2022-08-29,P002,Clothing,70.0,0,0
2022-08-30,P002,Clothing,55.8,0,0
2022-08-31,P002,Clothing,71.4,0,0
2022-09-01,P002,Clothing,86.9,0,0
2022-09-02,P002,Clothing,79.9,0,0
2022-09-03,P002,Clothing,91.5,0,0
2022-09-04,P002,Clothing,87.5,0,0
2022-09-05,P002,Clothing,133.0,1,0
2022-09-06,P002,Clothing,57.0,0,0
2022-09-07,P002,Clothing,61.5,0,0
2022-09-08,P002,Clothing,76.1,0,0
2022-09-09,P002,Clothing,75.1,0,0
2022-09-10,P002,Clothing,100.2,0,0
2022-09-11,P002,Clothing,82.7,0,0
2022-09-12,P002,Clothing,55.7,0,0
2022-09-13,P002,Clothing,62.5,0,0
2022-09-14,P002,Clothing,55.6,0,0
2022-09-15,P002,Clothing,74.3,0,0
2022-09-16,P002,Clothing,79.6,0,0
2022-09-17,P002,Clothing,154.3,0,1
2022-09-18,P002,Clothing,92.9,0,0
2022-09-19,P002,Clothing,77.1,0,0
2022-09-20,P002,Clothing,70.9,0,0
2022-09-21,P002,Clothing,61.0,0,0
2022-09-22,P002,Clothing,81.2,0,0
2022-09-23,P002,Clothing,85.8,0,0
2022-09-24,P002,Clothing,96.5,0,0
2022-09-25,P002,Clothing,93.9,0,0
2022-09-26,P002,Clothing,63.6,0,0
2022-09-27,P002,Clothing,86.6,0,0
2022-09-28,P002,Clothing,70.3,0,0
2022-09-29,P002,Clothing,83.9,0,0
2022-09-30,P002,Clothing,73.4,0,0
2022-10-01,P002,Clothing,90.5,0,0
2022-10-02,P002,Clothing,99.3,0,0
2022-10-03,P002,Clothing,71.4,0,0
2022-10-04,P002,Clothing,81.2,0,0
2022-10-05,P002,Clothing,80.1,0,0
2022-10-06,P002,Clothing,80.6,0,0
2022-10-07,P002,Clothing,95.2,0,0
2022-10-08,P002,Clothing,97.3,0,0
2022-10-09,P002,Clothing,80.6,0,0
2022-10-10,P002,Clothing,194.4,1,1
2022-10-11,P002,Clothing,81.8,0,0
2022-10-12,P002,Clothing,83.6,0,0
2022-10-13,P002,Clothing,73.8,0,0
2022-10-14,P002,Clothing,84.4,0,0
2022-10-15,P002,Clothing,97.7,0,0
2022-10-16,P002,Clothing,92.3,0,0
2022-10-17,P002,Clothing,69.4,0,0
2022-10-18,P002,Clothing,77.0,0,0
2022-10-19,P002,Clothing,79.2,0,0
2022-10-20,P002,Clothing,91.6,0,0
2022-10-21,P002,Clothing,97.1,0,0
2022-10-22,P002,Clothing,103.4,0,0
2022-10-23,P002,Clothing,95.1,0,0
2022-10-24,P002,Clothing,82.1,0,0
2022-10-25,P002,Clothing,78.8,0,0
2022-10-26,P002,Clothing,79.6,0,0
2022-10-27,P002,Clothing,83.8,0,0
2022-10-28,P002,Clothing,91.0,0,0
2022-10-29,P002,Clothing,100.1,0,0
2022-10-30,P002,Clothing,101.8,0,0
2022-10-31,P002,Clothing,89.1,0,0
2022-11-01,P002,Clothing,137.2,1,0
2022-11-02,P002,Clothing,90.4,0,0
2022-11-03,P002,Clothing,91.7,0,0
2022-11-04,P002,Clothing,100.6,0,0
2022-11-05,P002,Clothing,110.8,0,0
2022-11-06,P002,Clothing,94.9,0,0
2022-11-07,P002,Clothing,79.8,0,0
2022-11-08,P002,Clothing,91.0,0,0
2022-11-09,P002,Clothing,100.2,0,0
2022-11-10,P002,Clothing,82.4,0,0
2022-11-11,P002,Clothing,228.1,1,1
2022-11-12,P002,Clothing,122.0,0,0
2022-11-13,P002,Clothing,106.7,0,0
2022-11-14,P002,Clothing,94.9,0,0
2022-11-15,P002,Clothing,89.8,0,0
2022-11-16,P002,Clothing,96.5,0,0
2022-11-17,P002,Clothing,89.8,0,0
2022-11-18,P002,Clothing,90.5,0,0
2022-11-19,P002,Clothing,124.0,0,0
2022-11-20,P002,Clothing,105.0,0,0
2022-11-21,P002,Clothing,92.1,0,0
2022-11-22,P002,Clothing,89.1,0,0
2022-11-23,P002,Clothing,91.9,0,0
2022-11-24,P002,Clothing,162.7,1,0
2022-11-25,P002,Clothing,224.5,1,0
2022-11-26,P002,Clothing,124.1,0,0
2022-11-27,P002,Clothing,117.9,0,0
2022-11-28,P002,Clothing,100.8,0,0
2022-11-29,P002,Clothing,103.2,0,0
2022-11-30,P002,Clothing,114.7,0,0
2022-12-01,P002,Clothing,100.7,0,0
2022-12-02,P002,Clothing,112.5,0,0
2022-12-03,P002,Clothing,132.6,0,0
2022-12-04,P002,Clothing,126.8,0,0
2022-12-05,P002,Clothing,93.3,0,0
2022-12-06,P002,Clothing,167.3,0,1
2022-12-07,P002,Clothing,116.9,0,0
2022-12-08,P002,Clothing,114.4,0,0
2022-12-09,P002,Clothing,117.7,0,0
2022-12-10,P002,Clothing,127.6,0,0
2022-12-11,P002,Clothing,119.8,0,0
2022-12-12,P002,Clothing,107.9,0,0
2022-12-13,P002,Clothing,107.3,0,0
2022-12-14,P002,Clothing,111.5,0,0
2022-12-15,P002,Clothing,115.2,0,0
2022-12-16,P002,Clothing,115.7,0,0
2022-12-17,P002,Clothing,135.9,0,0
2022-12-18,P002,Clothing,144.5,0,0
2022-12-19,P002,Clothing,162.1,0,1
2022-12-20,P002,Clothing,114.4,0,0
2022-12-21,P002,Clothing,110.4,0,0
2022-12-22,P002,Clothing,121.8,0,0
2022-12-23,P002,Clothing,123.7,0,0
2022-12-24,P002,Clothing,200.8,1,0
2022-12-25,P002,Clothing,196.7,1,0
2022-12-26,P002,Clothing,174.0,1,0
2022-12-27,P002,Clothing,122.9,0,0
2022-12-28,P002,Clothing,103.5,0,0
2022-12-29,P002,Clothing,131.5,0,0
2022-12-30,P002,Clothing,129.0,0,0
2022-12-31,P002,Clothing,269.9,1,1
2023-01-01,P002,Clothing,248.5,1,1
2023-01-02,P002,Clothing,110.6,0,0
2023-01-03,P002,Clothing,119.7,0,0
2023-01-04,P002,Clothing,185.4,0,1
2023-01-05,P002,Clothing,126.2,0,0
2023-01-06,P002,Clothing,136.5,0,0
2023-01-07,P002,Clothing,130.7,0,0
2023-01-08,P002,Clothing,141.4,0,0
2023-01-09,P002,Clothing,118.8,0,0
2023-01-10,P002,Clothing,120.2,0,0
2023-01-11,P002,Clothing,114.9,0,0
2023-01-12,P002,Clothing,130.3,0,0
2023-01-13,P002,Clothing,116.8,0,0
2023-01-14,P002,Clothing,148.7,0,0
2023-01-15,P002,Clothing,128.2,0,0
2023-01-16,P002,Clothing,185.6,0,1
2023-01-17,P002,Clothing,183.3,1,0
2023-01-18,P002,Clothing,134.2,0,0
2023-01-19,P002,Clothing,192.3,0,1
2023-01-20,P002,Clothing,130.1,0,0
2023-01-21,P002,Clothing,143.7,0,0
2023-01-22,P002,Clothing,148.1,0,0
2023-01-23,P002,Clothing,126.9,0,0
2023-01-24,P002,Clothing,123.7,0,0
2023-01-25,P002,Clothing,127.3,0,0
2023-01-26,P002,Clothing,121.5,0,0
2023-01-27,P002,Clothing,139.1,0,0
2023-01-28,P002,Clothing,137.6,0,0
2023-01-29,P002,Clothing,146.7,0,0
2023-01-30,P002,Clothing,126.2,0,0
2023-01-31,P002,Clothing,143.2,0,0
2023-02-01,P002,Clothing,123.5,0,0
2023-02-02,P002,Clothing,132.5,0,0
2023-02-03,P002,Clothing,149.7,0,0
2023-02-04,P002,Clothing,158.0,0,0
2023-02-05,P002,Clothing,138.9,0,0
2023-02-06,P002,Clothing,128.2,0,0
2023-02-07,P002,Clothing,129.4,0,0
2023-02-08,P002,Clothing,133.7,0,0
2023-02-09,P002,Clothing,130.0,0,0
2023-02-10,P002,Clothing,138.9,0,0
2023-02-11,P002,Clothing,141.3,0,0
2023-02-12,P002,Clothing,145.4,0,0
2023-02-13,P002,Clothing,130.7,0,0
2023-02-14,P002,Clothing,128.9,0,0
2023-02-15,P002,Clothing,122.5,0,0
2023-02-16,P002,Clothing,141.7,0,0
2023-02-17,P002,Clothing,142.6,0,0
2023-02-18,P002,Clothing,147.7,0,0
2023-02-19,P002,Clothing,143.4,0,0
2023-02-20,P002,Clothing,118.8,0,0
2023-02-21,P002,Clothing,184.3,1,0
2023-02-22,P002,Clothing,129.9,0,0
2023-02-23,P002,Clothing,143.6,0,0
2023-02-24,P002,Clothing,136.5,0,0
2023-02-25,P002,Clothing,156.7,0,0
2023-02-26,P002,Clothing,142.0,0,0
2023-02-27,P002,Clothing,130.2,0,0
2023-02-28,P002,Clothing,130.1,0,0
2023-03-01,P002,Clothing,139.0,0,0
2023-03-02,P002,Clothing,132.3,0,0
2023-03-03,P002,Clothing,130.4,0,0
2023-03-04,P002,Clothing,143.6,0,0
2023-03-05,P002,Clothing,141.8,0,0
2023-03-06,P002,Clothing,120.4,0,0
2023-03-07,P002,Clothing,133.3,0,0
2023-03-08,P002,Clothing,130.0,0,0
2023-03-09,P002,Clothing,150.5,0,0
2023-03-10,P002,Clothing,128.9,0,0
2023-03-11,P002,Clothing,153.2,0,0
2023-03-12,P002,Clothing,201.4,0,1
2023-03-13,P002,Clothing,124.5,0,0
2023-03-14,P002,Clothing,130.8,0,0
2023-03-15,P002,Clothing,117.3,0,0
2023-03-16,P002,Clothing,136.0,0,0
2023-03-17,P002,Clothing,151.3,0,0
2023-03-18,P002,Clothing,212.0,0,1
2023-03-19,P002,Clothing,145.2,0,0
2023-03-20,P002,Clothing,133.1,0,0
2023-03-21,P002,Clothing,191.7,0,1
2023-03-22,P002,Clothing,127.2,0,0
2023-03-23,P002,Clothing,118.6,0,0
2023-03-24,P002,Clothing,141.8,0,0
2023-03-25,P002,Clothing,212.8,0,1
2023-03-26,P002,Clothing,135.6,0,0
2023-03-27,P002,Clothing,125.9,0,0
2023-03-28,P002,Clothing,123.5,0,0
2023-03-29,P002,Clothing,126.0,0,0
2023-03-30,P002,Clothing,135.4,0,0
2023-03-31,P002,Clothing,127.5,0,0
2023-04-01,P002,Clothing,218.4,0,1
2023-04-02,P002,Clothing,131.3,0,0
2023-04-03,P002,Clothing,118.9,0,0
2023-04-04,P002,Clothing,137.6,0,0
2023-04-05,P002,Clothing,134.6,0,0
2023-04-06,P002,Clothing,130.1,0,0
2023-04-07,P002,Clothing,127.9,0,0
2023-04-08,P002,Clothing,142.2,0,0
2023-04-09,P002,Clothing,138.5,0,0
2023-04-10,P002,Clothing,121.2,0,0
2023-04-11,P002,Clothing,122.4,0,0
2023-04-12,P002,Clothing,124.8,0,0
2023-04-13,P002,Clothing,125.7,0,0
2023-04-14,P002,Clothing,122.3,0,0
2023-04-15,P002,Clothing,139.8,0,0
2023-04-16,P002,Clothing,141.4,0,0
2023-04-17,P002,Clothing,109.6,0,0
2023-04-18,P002,Clothing,119.2,0,0
2023-04-19,P002,Clothing,117.1,0,0
2023-04-20,P002,Clothing,125.1,0,0
2023-04-21,P002,Clothing,126.3,0,0
2023-04-22,P002,Clothing,149.8,0,0
2023-04-23,P002,Clothing,136.0,0,0
2023-04-24,P002,Clothing,107.1,0,0
2023-04-25,P002,Clothing,121.8,0,0
2023-04-26,P002,Clothing,114.5,0,0
2023-04-27,P002,Clothing,117.8,0,0
2023-04-28,P002,Clothing,191.8,0,1
2023-04-29,P002,Clothing,134.2,0,0
2023-04-30,P002,Clothing,199.4,0,1
2023-05-01,P002,Clothing,107.5,0,0
2023-05-02,P002,Clothing,110.4,0,0
2023-05-03,P002,Clothing,112.1,0,0
2023-05-04,P002,Clothing,114.7,0,0
2023-05-05,P002,Clothing,129.7,0,0
2023-05-06,P002,Clothing,138.2,0,0
2023-05-07,P002,Clothing,201.4,0,1
2023-05-08,P002,Clothing,187.7,0,1
2023-05-09,P002,Clothing,104.5,0,0
2023-05-10,P002,Clothing,113.5,0,0
2023-05-11,P002,Clothing,107.4,0,0
2023-05-12,P002,Clothing,114.3,0,0
2023-05-13,P002,Clothing,190.7,0,1
2023-05-14,P002,Clothing,116.3,0,0
2023-05-15,P002,Clothing,99.1,0,0
2023-05-16,P002,Clothing,106.8,0,0
2023-05-17,P002,Clothing,101.8,0,0
2023-05-18,P002,Clothing,116.9,0,0
2023-05-19,P002,Clothing,109.9,0,0
2023-05-20,P002,Clothing,145.3,0,0
2023-05-21,P002,Clothing,116.7,0,0
2023-05-22,P002,Clothing,102.8,0,0
2023-05-23,P002,Clothing,95.9,0,0
2023-05-24,P002,Clothing,117.0,0,0
2023-05-25,P002,Clothing,115.1,0,0
2023-05-26,P002,Clothing,114.2,0,0
2023-05-27,P002,Clothing,115.1,0,0
2023-05-28,P002,Clothing,117.4,0,0
2023-05-29,P002,Clothing,91.6,0,0
2023-05-30,P002,Clothing,170.0,1,0
2023-05-31,P002,Clothing,107.7,0,0
2023-06-01,P002,Clothing,105.0,0,0
2023-06-02,P002,Clothing,93.1,0,0
2023-06-03,P002,Clothing,113.9,0,0
2023-06-04,P002,Clothing,116.9,0,0
2023-06-05,P002,Clothing,103.0,0,0
2023-06-06,P002,Clothing,104.2,0,0
2023-06-07,P002,Clothing,88.8,0,0
2023-06-08,P002,Clothing,102.9,0,0
2023-06-09,P002,Clothing,111.7,0,0
2023-06-10,P002,Clothing,106.1,0,0
2023-06-11,P002,Clothing,109.0,0,0
2023-06-12,P002,Clothing,93.5,0,0
2023-06-13,P002,Clothing,91.7,0,0
2023-06-14,P002,Clothing,83.7,0,0
2023-06-15,P002,Clothing,95.4,0,0
2023-06-16,P002,Clothing,99.7,0,0
2023-06-17,P002,Clothing,112.4,0,0
2023-06-18,P002,Clothing,102.1,0,0
2023-06-19,P002,Clothing,145.6,1,0
2023-06-20,P002,Clothing,90.1,0,0
2023-06-21,P002,Clothing,95.1,0,0
2023-06-22,P002,Clothing,92.3,0,0
2023-06-23,P002,Clothing,95.9,0,0
2023-06-24,P002,Clothing,110.7,0,0
2023-06-25,P002,Clothing,90.2,0,0
2023-06-26,P002,Clothing,88.3,0,0
2023-06-27,P002,Clothing,87.2,0,0
2023-06-28,P002,Clothing,89.4,0,0
2023-06-29,P002,Clothing,97.3,0,0
2023-06-30,P002,Clothing,83.0,0,0
2023-07-01,P002,Clothing,94.4,0,0
2023-07-02,P002,Clothing,101.2,0,0
2023-07-03,P002,Clothing,82.2,0,0
2023-07-04,P002,Clothing,209.3,1,1
2023-07-05,P002,Clothing,83.3,0,0
2023-07-06,P002,Clothing,92.5,0,0
2023-07-07,P002,Clothing,98.6,0,0
2023-07-08,P002,Clothing,107.4,0,0
2023-07-09,P002,Clothing,95.0,0,0
2023-07-10,P002,Clothing,66.0,0,0
2023-07-11,P002,Clothing,86.5,0,0
2023-07-12,P002,Clothing,91.4,0,0
2023-07-13,P002,Clothing,89.8,0,0
2023-07-14,P002,Clothing,148.5,0,1
2023-07-15,P002,Clothing,106.1,0,0
2023-07-16,P002,Clothing,99.7,0,0
2023-07-17,P002,Clothing,87.1,0,0
2023-07-18,P002,Clothing,73.6,0,0
2023-07-19,P002,Clothing,79.8,0,0
2023-07-20,P002,Clothing,88.1,0,0
2023-07-21,P002,Clothing,88.2,0,0
2023-07-22,P002,Clothing,92.4,0,0
2023-07-23,P002,Clothing,94.7,0,0
2023-07-24,P002,Clothing,78.7,0,0
2023-07-25,P002,Clothing,141.7,0,1
2023-07-26,P002,Clothing,80.7,0,0
2023-07-27,P002,Clothing,79.8,0,0
2023-07-28,P002,Clothing,95.4,0,0
2023-07-29,P002,Clothing,92.0,0,0
2023-07-30,P002,Clothing,150.5,0,1
2023-07-31,P002,Clothing,73.4,0,0
2023-08-01,P002,Clothing,81.1,0,0
2023-08-02,P002,Clothing,68.1,0,0
2023-08-03,P002,Clothing,71.5,0,0
2023-08-04,P002,Clothing,71.4,0,0
2023-08-05,P002,Clothing,96.5,0,0
2023-08-06,P002,Clothing,81.8,0,0
2023-08-07,P002,Clothing,69.5,0,0
2023-08-08,P002,Clothing,78.4,0,0
2023-08-09,P002,Clothing,72.3,0,0
2023-08-10,P002,Clothing,80.2,0,0
2023-08-11,P002,Clothing,81.5,0,0
2023-08-12,P002,Clothing,99.5,0,0
2023-08-13,P002,Clothing,91.0,0,0
2023-08-14,P002,Clothing,66.6,0,0
2023-08-15,P002,Clothing,72.2,0,0
2023-08-16,P002,Clothing,82.3,0,0
2023-08-17,P002,Clothing,80.5,0,0
2023-08-18,P002,Clothing,73.7,0,0
2023-08-19,P002,Clothing,98.8,0,0
2023-08-20,P002,Clothing,80.4,0,0
2023-08-21,P002,Clothing,79.6,0,0
2023-08-22,P002,Clothing,79.4,0,0
2023-08-23,P002,Clothing,77.1,0,0
2023-08-24,P002,Clothing,78.6,0,0
2023-08-25,P002,Clothing,81.1,0,0
2023-08-26,P002,Clothing,98.8,0,0
2023-08-27,P002,Clothing,84.9,0,0
2023-08-28,P002,Clothing,72.0,0,0
2023-08-29,P002,Clothing,78.5,0,0
2023-08-30,P002,Clothing,71.7,0,0
2023-08-31,P002,Clothing,73.8,0,0
2023-09-01,P002,Clothing,75.0,0,0
2023-09-02,P002,Clothing,151.9,0,1
2023-09-03,P002,Clothing,139.8,0,1
2023-09-04,P002,Clothing,75.5,0,0
2023-09-05,P002,Clothing,144.9,1,0
2023-09-06,P002,Clothing,84.9,0,0
2023-09-07,P002,Clothing,67.9,0,0
2023-09-08,P002,Clothing,87.9,0,0
2023-09-09,P002,Clothing,104.4,0,0
2023-09-10,P002,Clothing,85.3,0,0
2023-09-11,P002,Clothing,72.3,0,0
2023-09-12,P002,Clothing,61.3,0,0
2023-09-13,P002,Clothing,78.4,0,0
2023-09-14,P002,Clothing,72.5,0,0
2023-09-15,P002,Clothing,85.5,0,0
2023-09-16,P002,Clothing,86.4,0,0
2023-09-17,P002,Clothing,92.9,0,0
2023-09-18,P002,Clothing,79.4,0,0
2023-09-19,P002,Clothing,70.4,0,0
2023-09-20,P002,Clothing,70.8,0,0
2023-09-21,P002,Clothing,66.9,0,0
2023-09-22,P002,Clothing,84.0,0,0
2023-09-23,P002,Clothing,94.2,0,0
2023-09-24,P002,Clothing,81.1,0,0
2023-09-25,P002,Clothing,77.3,0,0
2023-09-26,P002,Clothing,74.2,0,0
2023-09-27,P002,Clothing,72.9,0,0
2023-09-28,P002,Clothing,78.9,0,0
2023-09-29,P002,Clothing,94.4,0,0
2023-09-30,P002,Clothing,103.7,0,0
2023-10-01,P002,Clothing,92.1,0,0
2023-10-02,P002,Clothing,80.4,0,0
2023-10-03,P002,Clothing,71.7,0,0
2023-10-04,P002,Clothing,82.1,0,0
2023-10-05,P002,Clothing,85.6,0,0
2023-10-06,P002,Clothing,86.7,0,0
2023-10-07,P002,Clothing,104.9,0,0
2023-10-08,P002,Clothing,90.2,0,0
2023-10-09,P002,Clothing,82.1,0,0
2023-10-10,P002,Clothing,209.1,1,1
2023-10-11,P002,Clothing,65.7,0,0
2023-10-12,P002,Clothing,94.7,0,0
2023-10-13,P002,Clothing,72.8,0,0
2023-10-14,P002,Clothing,100.7,0,0
2023-10-15,P002,Clothing,104.4,0,0
2023-10-16,P002,Clothing,143.4,0,1
2023-10-17,P002,Clothing,74.9,0,0
2023-10-18,P002,Clothing,80.1,0,0
2023-10-19,P002,Clothing,96.5,0,0
2023-10-20,P002,Clothing,82.8,0,0
2023-10-21,P002,Clothing,114.8,0,0
2023-10-22,P002,Clothing,100.4,0,0
2023-10-23,P002,Clothing,76.8,0,0
2023-10-24,P002,Clothing,147.5,0,1
2023-10-25,P002,Clothing,83.6,0,0
2023-10-26,P002,Clothing,98.5,0,0
2023-10-27,P002,Clothing,102.9,0,0
2023-10-28,P002,Clothing,99.7,0,0
2023-10-29,P002,Clothing,101.4,0,0
2023-10-30,P002,Clothing,82.1,0,0
2023-10-31,P002,Clothing,98.8,0,0
2023-11-01,P002,Clothing,144.7,1,0
2023-11-02,P002,Clothing,106.5,0,0
2023-11-03,P002,Clothing,165.3,0,1
2023-11-04,P002,Clothing,106.6,0,0
2023-11-05,P002,Clothing,103.0,0,0
2023-11-06,P002,Clothing,85.9,0,0
2023-11-07,P002,Clothing,85.8,0,0
2023-11-08,P002,Clothing,97.4,0,0
2023-11-09,P002,Clothing,91.9,0,0
2023-11-10,P002,Clothing,91.1,0,0
2023-11-11,P002,Clothing,175.1,1,0
2023-11-12,P002,Clothing,99.3,0,0
2023-11-13,P002,Clothing,89.7,0,0
2023-11-14,P002,Clothing,91.6,0,0
2023-11-15,P002,Clothing,94.8,0,0
2023-11-16,P002,Clothing,116.1,0,0
2023-11-17,P002,Clothing,109.0,0,0
2023-11-18,P002,Clothing,186.7,0,1
2023-11-19,P002,Clothing,103.1,0,0
2023-11-20,P002,Clothing,158.0,0,1
2023-11-21,P002,Clothing,102.5,0,0
2023-11-22,P002,Clothing,97.5,0,0
2023-11-23,P002,Clothing,112.8,0,0
2023-11-24,P002,Clothing,224.6,1,0
2023-11-25,P002,Clothing,183.0,1,0
2023-11-26,P002,Clothing,114.4,0,0
2023-11-27,P002,Clothing,102.9,0,0
2023-11-28,P002,Clothing,100.7,0,0
2023-11-29,P002,Clothing,106.0,0,0
2023-11-30,P002,Clothing,109.1,0,0
2023-12-01,P002,Clothing,111.3,0,0
2023-12-02,P002,Clothing,131.6,0,0
2023-12-03,P002,Clothing,123.3,0,0
2023-12-04,P002,Clothing,105.0,0,0
2023-12-05,P002,Clothing,105.7,0,0
2023-12-06,P002,Clothing,116.5,0,0
2023-12-07,P002,Clothing,112.8,0,0
2023-12-08,P002,Clothing,117.7,0,0
2023-12-09,P002,Clothing,132.8,0,0
2023-12-10,P002,Clothing,136.3,0,0
2023-12-11,P002,Clothing,164.6,0,1
2023-12-12,P002,Clothing,117.0,0,0
2023-12-13,P002,Clothing,102.8,0,0
2023-12-14,P002,Clothing,119.3,0,0
2023-12-15,P002,Clothing,133.2,0,0
2023-12-16,P002,Clothing,138.8,0,0
2023-12-17,P002,Clothing,130.1,0,0
2023-12-18,P002,Clothing,109.1,0,0
2023-12-19,P002,Clothing,115.7,0,0
2023-12-20,P002,Clothing,116.8,0,0
2023-12-21,P002,Clothing,116.3,0,0
2023-12-22,P002,Clothing,124.7,0,0
2023-12-23,P002,Clothing,140.3,0,0
2023-12-24,P002,Clothing,187.4,1,0
2023-12-25,P002,Clothing,170.8,1,0
2023-12-26,P002,Clothing,170.1,1,0
2023-12-27,P002,Clothing,124.2,0,0
2023-12-28,P002,Clothing,128.1,0,0
2023-12-29,P002,Clothing,131.3,0,0
2023-12-30,P002,Clothing,148.4,0,0
2023-12-31,P002,Clothing,260.1,1,1
2024-01-01,P002,Clothing,181.6,1,0
2024-01-02,P002,Clothing,123.9,0,0
2024-01-03,P002,Clothing,124.2,0,0
2024-01-04,P002,Clothing,124.2,0,0
2024-01-05,P002,Clothing,147.0,0,0
2024-01-06,P002,Clothing,142.3,0,0
2024-01-07,P002,Clothing,134.1,0,0
2024-01-08,P002,Clothing,124.8,0,0
2024-01-09,P002,Clothing,126.4,0,0
2024-01-10,P002,Clothing,118.6,0,0
2024-01-11,P002,Clothing,137.5,0,0
2024-01-12,P002,Clothing,134.9,0,0
2024-01-13,P002,Clothing,140.8,0,0
2024-01-14,P002,Clothing,148.6,0,0
2024-01-15,P002,Clothing,128.6,0,0
2024-01-16,P002,Clothing,119.2,0,0
2024-01-17,P002,Clothing,201.4,1,0
2024-01-18,P002,Clothing,137.0,0,0
2024-01-19,P002,Clothing,137.9,0,0
2024-01-20,P002,Clothing,160.4,0,0
2024-01-21,P002,Clothing,144.4,0,0
2024-01-22,P002,Clothing,126.7,0,0
2024-01-23,P002,Clothing,125.3,0,0
2024-01-24,P002,Clothing,199.9,0,1
2024-01-25,P002,Clothing,138.0,0,0
2024-01-26,P002,Clothing,140.1,0,0
2024-01-27,P002,Clothing,211.2,0,1
2024-01-28,P002,Clothing,146.1,0,0
2024-01-29,P002,Clothing,128.3,0,0
2024-01-30,P002,Clothing,122.8,0,0
2024-01-31,P002,Clothing,124.6,0,0
2024-02-01,P002,Clothing,140.3,0,0
2024-02-02,P002,Clothing,125.0,0,0
2024-02-03,P002,Clothing,155.2,0,0
2024-02-04,P002,Clothing,143.8,0,0
2024-02-05,P002,Clothing,138.6,0,0
2024-02-06,P002,Clothing,129.7,0,0
2024-02-07,P002,Clothing,139.6,0,0
2024-02-08,P002,Clothing,135.4,0,0
2024-02-09,P002,Clothing,143.7,0,0
2024-02-10,P002,Clothing,159.8,0,0
2024-02-11,P002,Clothing,145.1,0,0
2024-02-12,P002,Clothing,137.7,0,0
2024-02-13,P002,Clothing,127.5,0,0
2024-02-14,P002,Clothing,138.3,0,0
2024-02-15,P002,Clothing,144.8,0,0
2024-02-16,P002,Clothing,148.0,0,0
2024-02-17,P002,Clothing,168.1,0,0
2024-02-18,P002,Clothing,143.9,0,0
2024-02-19,P002,Clothing,123.2,0,0
2024-02-20,P002,Clothing,128.1,0,0
2024-02-21,P002,Clothing,201.2,1,0
2024-02-22,P002,Clothing,142.6,0,0
2024-02-23,P002,Clothing,144.9,0,0
2024-02-24,P002,Clothing,149.0,0,0
2024-02-25,P002,Clothing,154.0,0,0
2024-02-26,P002,Clothing,124.4,0,0
2024-02-27,P002,Clothing,142.1,0,0
2024-02-28,P002,Clothing,155.3,0,0
2024-02-29,P002,Clothing,141.8,0,0
2024-03-01,P002,Clothing,147.9,0,0
2024-03-02,P002,Clothing,217.0,0,1
2024-03-03,P002,Clothing,137.3,0,0
2024-03-04,P002,Clothing,128.2,0,0
2024-03-05,P002,Clothing,127.4,0,0
2024-03-06,P002,Clothing,127.5,0,0
2024-03-07,P002,Clothing,150.1,0,0
2024-03-08,P002,Clothing,209.5,0,1
2024-03-09,P002,Clothing,158.1,0,0
2024-03-10,P002,Clothing,146.4,0,0
2024-03-11,P002,Clothing,130.3,0,0
2024-03-12,P002,Clothing,139.9,0,0
2024-03-13,P002,Clothing,135.8,0,0
2024-03-14,P002,Clothing,141.6,0,0
2024-03-15,P002,Clothing,141.6,0,0
2024-03-16,P002,Clothing,152.5,0,0
2024-03-17,P002,Clothing,138.4,0,0
2024-03-18,P002,Clothing,117.7,0,0
2024-03-19,P002,Clothing,130.9,0,0
2024-03-20,P002,Clothing,135.2,0,0
2024-03-21,P002,Clothing,128.8,0,0
2024-03-22,P002,Clothing,141.4,0,0
2024-03-23,P002,Clothing,217.7,0,1
2024-03-24,P002,Clothing,132.2,0,0
2024-03-25,P002,Clothing,123.1,0,0
2024-03-26,P002,Clothing,133.7,0,0
2024-03-27,P002,Clothing,135.7,0,0
2024-03-28,P002,Clothing,128.0,0,0
2024-03-29,P002,Clothing,141.0,0,0
2024-03-30,P002,Clothing,158.2,0,0
2024-03-31,P002,Clothing,149.2,0,0
2024-04-01,P002,Clothing,126.5,0,0
2024-04-02,P002,Clothing,190.2,0,1
2024-04-03,P002,Clothing,127.3,0,0
2024-04-04,P002,Clothing,136.4,0,0
2024-04-05,P002,Clothing,139.1,0,0
2024-04-06,P002,Clothing,153.6,0,0
2024-04-07,P002,Clothing,142.9,0,0
2024-04-08,P002,Clothing,130.2,0,0
2024-04-09,P002,Clothing,127.6,0,0
2024-04-10,P002,Clothing,134.1,0,0
2024-04-11,P002,Clothing,136.7,0,0
2024-04-12,P002,Clothing,130.4,0,0
2024-04-13,P002,Clothing,135.6,0,0
2024-04-14,P002,Clothing,149.5,0,0
2024-04-15,P002,Clothing,124.0,0,0
2024-04-16,P002,Clothing,113.4,0,0
2024-04-17,P002,Clothing,121.9,0,0
2024-04-18,P002,Clothing,133.4,0,0
2024-04-19,P002,Clothing,131.0,0,0
2024-04-20,P002,Clothing,141.2,0,0
2024-04-21,P002,Clothing,145.8,0,0
2024-04-22,P002,Clothing,112.9,0,0
2024-04-23,P002,Clothing,116.5,0,0
2024-04-24,P002,Clothing,124.9,0,0
2024-04-25,P002,Clothing,128.0,0,0
2024-04-26,P002,Clothing,133.1,0,0
2024-04-27,P002,Clothing,147.3,0,0
2024-04-28,P002,Clothing,135.1,0,0
2024-04-29,P002,Clothing,119.7,0,0
2024-04-30,P002,Clothing,116.9,0,0
2024-05-01,P002,Clothing,120.9,0,0
2024-05-02,P002,Clothing,123.1,0,0
2024-05-03,P002,Clothing,128.1,0,0
2024-05-04,P002,Clothing,143.2,0,0
2024-05-05,P002,Clothing,198.2,0,1
2024-05-06,P002,Clothing,177.6,0,1
2024-05-07,P002,Clothing,110.1,0,0
2024-05-08,P002,Clothing,117.6,0,0
2024-05-09,P002,Clothing,182.9,0,1
2024-05-10,P002,Clothing,124.6,0,0
2024-05-11,P002,Clothing,149.0,0,0
2024-05-12,P002,Clothing,187.9,0,1
2024-05-13,P002,Clothing,112.6,0,0
2024-05-14,P002,Clothing,118.7,0,0
2024-05-15,P002,Clothing,114.4,0,0
2024-05-16,P002,Clothing,130.6,0,0
2024-05-17,P002,Clothing,117.5,0,0
2024-05-18,P002,Clothing,197.5,0,1
2024-05-19,P002,Clothing,118.6,0,0
2024-05-20,P002,Clothing,104.2,0,0
2024-05-21,P002,Clothing,109.9,0,0
2024-05-22,P002,Clothing,115.7,0,0
2024-05-23,P002,Clothing,114.2,0,0
2024-05-24,P002,Clothing,124.5,0,0
2024-05-25,P002,Clothing,127.3,0,0
2024-05-26,P002,Clothing,118.1,0,0
2024-05-27,P002,Clothing,120.2,0,0
2024-05-28,P002,Clothing,107.3,0,0
2024-05-29,P002,Clothing,102.1,0,0
2024-05-30,P002,Clothing,164.2,1,0
2024-05-31,P002,Clothing,106.9,0,0
2024-06-01,P002,Clothing,130.4,0,0
2024-06-02,P002,Clothing,114.3,0,0
2024-06-03,P002,Clothing,100.2,0,0
2024-06-04,P002,Clothing,100.9,0,0
2024-06-05,P002,Clothing,107.9,0,0
2024-06-06,P002,Clothing,99.7,0,0
2024-06-07,P002,Clothing,102.5,0,0
2024-06-08,P002,Clothing,122.3,0,0
2024-06-09,P002,Clothing,117.0,0,0
2024-06-10,P002,Clothing,98.0,0,0
2024-06-11,P002,Clothing,92.6,0,0
2024-06-12,P002,Clothing,104.1,0,0
2024-06-13,P002,Clothing,96.9,0,0
2024-06-14,P002,Clothing,166.6,0,1
2024-06-15,P002,Clothing,111.4,0,0
2024-06-16,P002,Clothing,118.1,0,0
2024-06-17,P002,Clothing,96.6,0,0
2024-06-18,P002,Clothing,98.3,0,0
2024-06-19,P002,Clothing,164.4,1,0
2024-06-20,P002,Clothing,116.3,0,0
2024-06-21,P002,Clothing,91.7,0,0
2024-06-22,P002,Clothing,109.5,0,0
2024-06-23,P002,Clothing,102.6,0,0
2024-06-24,P002,Clothing,83.9,0,0
2024-06-25,P002,Clothing,84.4,0,0
2024-06-26,P002,Clothing,91.3,0,0
2024-06-27,P002,Clothing,87.4,0,0
2024-06-28,P002,Clothing,101.7,0,0
2024-06-29,P002,Clothing,175.5,0,1
2024-06-30,P002,Clothing,106.6,0,0
2024-07-01,P002,Clothing,89.6,0,0
2024-07-02,P002,Clothing,92.2,0,0
2024-07-03,P002,Clothing,151.9,0,1
2024-07-04,P002,Clothing,229.9,1,1
2024-07-05,P002,Clothing,98.2,0,0
2024-07-06,P002,Clothing,96.4,0,0
2024-07-07,P002,Clothing,94.3,0,0
2024-07-08,P002,Clothing,72.4,0,0
2024-07-09,P002,Clothing,85.7,0,0
2024-07-10,P002,Clothing,86.8,0,0
2024-07-11,P002,Clothing,86.7,0,0
2024-07-12,P002,Clothing,107.0,0,0
2024-07-13,P002,Clothing,109.3,0,0
2024-07-14,P002,Clothing,102.9,0,0
2024-07-15,P002,Clothing,75.1,0,0
2024-07-16,P002,Clothing,140.8,0,1
2024-07-17,P002,Clothing,85.5,0,0
2024-07-18,P002,Clothing,88.4,0,0
2024-07-19,P002,Clothing,79.9,0,0
2024-07-20,P002,Clothing,102.4,0,0
2024-07-21,P002,Clothing,96.1,0,0
2024-07-22,P002,Clothing,77.6,0,0
2024-07-23,P002,Clothing,139.9,0,1
2024-07-24,P002,Clothing,79.7,0,0
2024-07-25,P002,Clothing,84.2,0,0
2024-07-26,P002,Clothing,90.5,0,0
2024-07-27,P002,Clothing,105.5,0,0
2024-07-28,P002,Clothing,101.1,0,0
2024-07-29,P002,Clothing,75.3,0,0
2024-07-30,P002,Clothing,76.4,0,0
2024-07-31,P002,Clothing,84.3,0,0
2024-08-01,P002,Clothing,87.6,0,0
2024-08-02,P002,Clothing,85.5,0,0
2024-08-03,P002,Clothing,105.2,0,0
2024-08-04,P002,Clothing,99.0,0,0
2024-08-05,P002,Clothing,84.0,0,0
2024-08-06,P002,Clothing,89.4,0,0
2024-08-07,P002,Clothing,74.7,0,0
2024-08-08,P002,Clothing,82.6,0,0
2024-08-09,P002,Clothing,87.2,0,0
2024-08-10,P002,Clothing,98.4,0,0
2024-08-11,P002,Clothing,87.5,0,0
2024-08-12,P002,Clothing,129.3,0,1
2024-08-13,P002,Clothing,77.7,0,0
2024-08-14,P002,Clothing,74.5,0,0
2024-08-15,P002,Clothing,82.2,0,0
2024-08-16,P002,Clothing,81.3,0,0
2024-08-17,P002,Clothing,91.3,0,0
2024-08-18,P002,Clothing,92.6,0,0
2024-08-19,P002,Clothing,75.2,0,0
2024-08-20,P002,Clothing,80.3,0,0
2024-08-21,P002,Clothing,92.9,0,0
2024-08-22,P002,Clothing,83.1,0,0
2024-08-23,P002,Clothing,89.2,0,0
2024-08-24,P002,Clothing,91.2,0,0
2024-08-25,P002,Clothing,146.6,0,1
2024-08-26,P002,Clothing,84.2,0,0
2024-08-27,P002,Clothing,70.6,0,0
2024-08-28,P002,Clothing,72.2,0,0
2024-08-29,P002,Clothing,81.1,0,0
2024-08-30,P002,Clothing,85.6,0,0
2024-08-31,P002,Clothing,92.5,0,0
2024-09-01,P002,Clothing,89.2,0,0
2024-09-02,P002,Clothing,82.3,0,0
2024-09-03,P002,Clothing,71.7,0,0
2024-09-04,P002,Clothing,70.4,0,0
2024-09-05,P002,Clothing,147.9,1,0
2024-09-06,P002,Clothing,89.9,0,0
2024-09-07,P002,Clothing,94.9,0,0
2024-09-08,P002,Clothing,81.7,0,0
2024-09-09,P002,Clothing,70.4,0,0
2024-09-10,P002,Clothing,77.3,0,0
2024-09-11,P002,Clothing,87.7,0,0
2024-09-12,P002,Clothing,76.1,0,0
2024-09-13,P002,Clothing,87.2,0,0
2024-09-14,P002,Clothing,104.2,0,0
2024-09-15,P002,Clothing,77.6,0,0
2024-09-16,P002,Clothing,82.9,0,0
2024-09-17,P002,Clothing,71.3,0,0
2024-09-18,P002,Clothing,83.6,0,0
2024-09-19,P002,Clothing,85.7,0,0
2024-09-20,P002,Clothing,160.1,0,1
2024-09-21,P002,Clothing,104.9,0,0
2024-09-22,P002,Clothing,79.2,0,0
2024-09-23,P002,Clothing,72.8,0,0
2024-09-24,P002,Clothing,81.4,0,0
2024-09-25,P002,Clothing,81.9,0,0
2024-09-26,P002,Clothing,88.9,0,0
2024-09-27,P002,Clothing,160.0,0,1
2024-09-28,P002,Clothing,107.1,0,0
2024-09-29,P002,Clothing,94.9,0,0
2024-09-30,P002,Clothing,68.0,0,0
2024-10-01,P002,Clothing,79.6,0,0
2024-10-02,P002,Clothing,87.9,0,0
2024-10-03,P002,Clothing,81.0,0,0
2024-10-04,P002,Clothing,97.1,0,0
2024-10-05,P002,Clothing,111.2,0,0
2024-10-06,P002,Clothing,99.4,0,0
2024-10-07,P002,Clothing,62.5,0,0
2024-10-08,P002,Clothing,76.7,0,0
2024-10-09,P002,Clothing,99.7,0,0
2024-10-10,P002,Clothing,146.9,1,0
2024-10-11,P002,Clothing,82.9,0,0
2024-10-12,P002,Clothing,115.8,0,0
2024-10-13,P002,Clothing,101.2,0,0
2024-10-14,P002,Clothing,91.8,0,0
2024-10-15,P002,Clothing,89.3,0,0
2024-10-16,P002,Clothing,93.3,0,0
2024-10-17,P002,Clothing,95.5,0,0
2024-10-18,P002,Clothing,102.8,0,0
2024-10-19,P002,Clothing,125.4,0,0
2024-10-20,P002,Clothing,110.2,0,0
2024-10-21,P002,Clothing,77.5,0,0
2024-10-22,P002,Clothing,93.3,0,0
2024-10-23,P002,Clothing,100.6,0,0
2024-10-24,P002,Clothing,103.9,0,0
2024-10-25,P002,Clothing,98.7,0,0
2024-10-26,P002,Clothing,121.3,0,0
2024-10-27,P002,Clothing,113.1,0,0
2024-10-28,P002,Clothing,107.3,0,0
2024-10-29,P002,Clothing,88.9,0,0
2024-10-30,P002,Clothing,93.3,0,0
2024-10-31,P002,Clothing,161.5,0,1
2024-11-01,P002,Clothing,161.6,1,0
2024-11-02,P002,Clothing,111.5,0,0
2024-11-03,P002,Clothing,92.8,0,0
2024-11-04,P002,Clothing,91.4,0,0
2024-11-05,P002,Clothing,99.4,0,0
2024-11-06,P002,Clothing,96.8,0,0
2024-11-07,P002,Clothing,115.2,0,0
2024-11-08,P002,Clothing,108.3,0,0
2024-11-09,P002,Clothing,128.9,0,0
2024-11-10,P002,Clothing,115.7,0,0
2024-11-11,P002,Clothing,227.0,1,1
2024-11-12,P002,Clothing,102.4,0,0
2024-11-13,P002,Clothing,112.3,0,0
2024-11-14,P002,Clothing,170.8,0,1
2024-11-15,P002,Clothing,114.9,0,0
2024-11-16,P002,Clothing,126.6,0,0
2024-11-17,P002,Clothing,115.7,0,0
2024-11-18,P002,Clothing,103.9,0,0
2024-11-19,P002,Clothing,118.5,0,0
2024-11-20,P002,Clothing,105.4,0,0
2024-11-21,P002,Clothing,112.8,0,0
2024-11-22,P002,Clothing,243.5,1,0
2024-11-23,P002,Clothing,135.2,0,0
2024-11-24,P002,Clothing,181.3,1,0
2024-11-25,P002,Clothing,149.7,1,0
2024-11-26,P002,Clothing,111.2,0,0
2024-11-27,P002,Clothing,96.6,0,0
2024-11-28,P002,Clothing,123.2,0,0
2024-11-29,P002,Clothing,240.2,1,0
2024-11-30,P002,Clothing,138.0,0,0
2024-12-01,P002,Clothing,119.2,0,0
2024-12-02,P002,Clothing,98.7,0,0
2024-12-03,P002,Clothing,113.3,0,0
2024-12-04,P002,Clothing,114.3,0,0
2024-12-05,P002,Clothing,114.3,0,0
2024-12-06,P002,Clothing,123.3,0,0
2024-12-07,P002,Clothing,153.0,0,0
2024-12-08,P002,Clothing,133.9,0,0
2024-12-09,P002,Clothing,119.0,0,0
2024-12-10,P002,Clothing,120.6,0,0
2024-12-11,P002,Clothing,127.6,0,0
2024-12-12,P002,Clothing,119.8,0,0
2024-12-13,P002,Clothing,113.2,0,0
2024-12-14,P002,Clothing,137.6,0,0
2024-12-15,P002,Clothing,137.3,0,0
2024-12-16,P002,Clothing,109.6,0,0
2024-12-17,P002,Clothing,117.6,0,0
2024-12-18,P002,Clothing,117.2,0,0
2024-12-19,P002,Clothing,134.1,0,0
2024-12-20,P002,Clothing,134.6,0,0
2024-12-21,P002,Clothing,146.4,0,0
2024-12-22,P002,Clothing,203.5,0,1
2024-12-23,P002,Clothing,118.9,0,0
2024-12-24,P002,Clothing,183.3,1,0
2024-12-25,P002,Clothing,177.3,1,0
2024-12-26,P002,Clothing,173.8,1,0
2024-12-27,P002,Clothing,134.0,0,0
2024-12-28,P002,Clothing,211.5,0,1
2024-12-29,P002,Clothing,146.4,0,0
2024-12-30,P002,Clothing,132.4,0,0
2024-12-31,P002,Clothing,195.2,1,0
2022-01-01,P003,Food & Beverage,292.7,1,0
2022-01-02,P003,Food & Beverage,176.9,0,0
2022-01-03,P003,Food & Beverage,144.9,0,0
2022-01-04,P003,Food & Beverage,148.0,0,0
2022-01-05,P003,Food & Beverage,163.6,0,0
2022-01-06,P003,Food & Beverage,168.0,0,0
2022-01-07,P003,Food & Beverage,233.2,0,1
2022-01-08,P003,Food & Beverage,174.7,0,0
2022-01-09,P003,Food & Beverage,158.9,0,0
2022-01-10,P003,Food & Beverage,142.4,0,0
2022-01-11,P003,Food & Beverage,150.2,0,0
2022-01-12,P003,Food & Beverage,158.9,0,0
2022-01-13,P003,Food & Beverage,171.4,0,0
2022-01-14,P003,Food & Beverage,167.1,0,0
2022-01-15,P003,Food & Beverage,162.6,0,0
2022-01-16,P003,Food & Beverage,137.0,0,0
2022-01-17,P003,Food & Beverage,247.9,1,0
2022-01-18,P003,Food & Beverage,143.2,0,0
2022-01-19,P003,Food & Beverage,158.2,0,0
2022-01-20,P003,Food & Beverage,152.1,0,0
2022-01-21,P003,Food & Beverage,167.8,0,0
2022-01-22,P003,Food & Beverage,174.5,0,0
2022-01-23,P003,Food & Beverage,152.8,0,0
2022-01-24,P003,Food & Beverage,166.3,0,0
2022-01-25,P003,Food & Beverage,163.8,0,0
2022-01-26,P003,Food & Beverage,161.4,0,0
2022-01-27,P003,Food & Beverage,160.6,0,0
2022-01-28,P003,Food & Beverage,171.9,0,0
2022-01-29,P003,Food & Beverage,186.6,0,0
2022-01-30,P003,Food & Beverage,164.1,0,0
2022-01-31,P003,Food & Beverage,146.4,0,0
2022-02-01,P003,Food & Beverage,159.2,0,0
2022-02-02,P003,Food & Beverage,143.2,0,0
2022-02-03,P003,Food & Beverage,168.5,0,0
2022-02-04,P003,Food & Beverage,184.8,0,0
2022-02-05,P003,Food & Beverage,182.2,0,0
2022-02-06,P003,Food & Beverage,177.3,0,0
2022-02-07,P003,Food & Beverage,148.0,0,0
2022-02-08,P003,Food & Beverage,162.3,0,0
2022-02-09,P003,Food & Beverage,163.6,0,0
2022-02-10,P003,Food & Beverage,166.8,0,0
2022-02-11,P003,Food & Beverage,177.6,0,0
2022-02-12,P003,Food & Beverage,187.1,0,0
2022-02-13,P003,Food & Beverage,169.2,0,0
2022-02-14,P003,Food & Beverage,170.8,0,0
2022-02-15,P003,Food & Beverage,161.3,0,0
2022-02-16,P003,Food & Beverage,172.9,0,0
2022-02-17,P003,Food & Beverage,162.1,0,0
2022-02-18,P003,Food & Beverage,187.1,0,0
2022-02-19,P003,Food & Beverage,179.8,0,0
2022-02-20,P003,Food & Beverage,172.5,0,0
2022-02-21,P003,Food & Beverage,287.8,1,0
2022-02-22,P003,Food & Beverage,161.1,0,0
2022-02-23,P003,Food & Beverage,212.2,0,1
2022-02-24,P003,Food & Beverage,164.5,0,0
2022-02-25,P003,Food & Beverage,192.5,0,0
2022-02-26,P003,Food & Beverage,193.3,0,0
2022-02-27,P003,Food & Beverage,232.5,0,1
2022-02-28,P003,Food & Beverage,169.1,0,0
2022-03-01,P003,Food & Beverage,167.8,0,0
2022-03-02,P003,Food & Beverage,178.5,0,0
2022-03-03,P003,Food & Beverage,246.5,0,1
2022-03-04,P003,Food & Beverage,263.2,0,1
2022-03-05,P003,Food & Beverage,192.1,0,0
2022-03-06,P003,Food & Beverage,172.2,0,0
2022-03-07,P003,Food & Beverage,157.1,0,0
2022-03-08,P003,Food & Beverage,157.9,0,0
2022-03-09,P003,Food & Beverage,183.7,0,0
2022-03-10,P003,Food & Beverage,173.1,0,0
2022-03-11,P003,Food & Beverage,256.8,0,1
2022-03-12,P003,Food & Beverage,190.3,0,0
2022-03-13,P003,Food & Beverage,225.5,0,1
2022-03-14,P003,Food & Beverage,160.5,0,0
2022-03-15,P003,Food & Beverage,177.8,0,0
2022-03-16,P003,Food & Beverage,173.0,0,0
2022-03-17,P003,Food & Beverage,154.9,0,0
2022-03-18,P003,Food & Beverage,180.1,0,0
2022-03-19,P003,Food & Beverage,206.5,0,0
2022-03-20,P003,Food & Beverage,162.1,0,0
2022-03-21,P003,Food & Beverage,143.3,0,0
2022-03-22,P003,Food & Beverage,182.4,0,0
2022-03-23,P003,Food & Beverage,174.4,0,0
2022-03-24,P003,Food & Beverage,170.7,0,0
2022-03-25,P003,Food & Beverage,178.6,0,0
2022-03-26,P003,Food & Beverage,199.8,0,0
2022-03-27,P003,Food & Beverage,159.0,0,0
2022-03-28,P003,Food & Beverage,171.6,0,0
2022-03-29,P003,Food & Beverage,169.3,0,0
2022-03-30,P003,Food & Beverage,170.1,0,0
2022-03-31,P003,Food & Beverage,172.7,0,0
2022-04-01,P003,Food & Beverage,180.4,0,0
2022-04-02,P003,Food & Beverage,199.2,0,0
2022-04-03,P003,Food & Beverage,155.6,0,0
2022-04-04,P003,Food & Beverage,144.7,0,0
2022-04-05,P003,Food & Beverage,169.8,0,0
2022-04-06,P003,Food & Beverage,173.5,0,0
2022-04-07,P003,Food & Beverage,175.5,0,0
2022-04-08,P003,Food & Beverage,185.6,0,0
2022-04-09,P003,Food & Beverage,185.7,0,0
2022-04-10,P003,Food & Beverage,171.1,0,0
2022-04-11,P003,Food & Beverage,226.6,0,1
2022-04-12,P003,Food & Beverage,225.9,0,1
2022-04-13,P003,Food & Beverage,163.9,0,0
2022-04-14,P003,Food & Beverage,189.8,0,0
2022-04-15,P003,Food & Beverage,164.4,0,0
2022-04-16,P003,Food & Beverage,193.0,0,0
2022-04-17,P003,Food & Beverage,146.8,0,0
2022-04-18,P003,Food & Beverage,158.1,0,0
2022-04-19,P003,Food & Beverage,158.5,0,0
2022-04-20,P003,Food & Beverage,213.3,0,1
2022-04-21,P003,Food & Beverage,240.6,0,1
2022-04-22,P003,Food & Beverage,176.7,0,0
2022-04-23,P003,Food & Beverage,167.2,0,0
2022-04-24,P003,Food & Beverage,170.1,0,0
2022-04-25,P003,Food & Beverage,172.1,0,0
2022-04-26,P003,Food & Beverage,176.1,0,0
2022-04-27,P003,Food & Beverage,168.7,0,0
2022-04-28,P003,Food & Beverage,169.1,0,0
2022-04-29,P003,Food & Beverage,192.1,0,0
2022-04-30,P003,Food & Beverage,202.5,0,0
2022-05-01,P003,Food & Beverage,171.9,0,0
2022-05-02,P003,Food & Beverage,148.2,0,0
2022-05-03,P003,Food & Beverage,162.6,0,0
2022-05-04,P003,Food & Beverage,168.4,0,0
2022-05-05,P003,Food & Beverage,150.2,0,0
2022-05-06,P003,Food & Beverage,182.7,0,0
2022-05-07,P003,Food & Beverage,207.0,0,0
2022-05-08,P003,Food & Beverage,233.2,0,1
2022-05-09,P003,Food & Beverage,170.2,0,0
2022-05-10,P003,Food & Beverage,161.2,0,0
2022-05-11,P003,Food & Beverage,162.2,0,0
2022-05-12,P003,Food & Beverage,169.9,0,0
2022-05-13,P003,Food & Beverage,169.1,0,0
2022-05-14,P003,Food & Beverage,174.6,0,0
2022-05-15,P003,Food & Beverage,170.7,0,0
2022-05-16,P003,Food & Beverage,167.9,0,0
2022-05-17,P003,Food & Beverage,148.6,0,0
2022-05-18,P003,Food & Beverage,170.8,0,0
2022-05-19,P003,Food & Beverage,164.0,0,0
2022-05-20,P003,Food & Beverage,178.7,0,0
2022-05-21,P003,Food & Beverage,254.1,0,1
2022-05-22,P003,Food & Beverage,166.6,0,0
2022-05-23,P003,Food & Beverage,154.0,0,0
2022-05-24,P003,Food & Beverage,170.1,0,0
2022-05-25,P003,Food & Beverage,162.9,0,0
2022-05-26,P003,Food & Beverage,169.3,0,0
2022-05-27,P003,Food & Beverage,165.9,0,0
2022-05-28,P003,Food & Beverage,201.6,0,0
2022-05-29,P003,Food & Beverage,160.0,0,0
2022-05-30,P003,Food & Beverage,266.5,1,0
2022-05-31,P003,Food & Beverage,139.5,0,0
2022-06-01,P003,Food & Beverage,150.4,0,0
2022-06-02,P003,Food & Beverage,173.6,0,0
2022-06-03,P003,Food & Beverage,175.0,0,0
2022-06-04,P003,Food & Beverage,160.8,0,0
2022-06-05,P003,Food & Beverage,163.7,0,0
2022-06-06,P003,Food & Beverage,144.7,0,0
2022-06-07,P003,Food & Beverage,166.8,0,0
2022-06-08,P003,Food & Beverage,223.0,0,1
2022-06-09,P003,Food & Beverage,162.0,0,0
2022-06-10,P003,Food & Beverage,181.9,0,0
2022-06-11,P003,Food & Beverage,168.9,0,0
2022-06-12,P003,Food & Beverage,142.5,0,0
2022-06-13,P003,Food & Beverage,146.3,0,0
2022-06-14,P003,Food & Beverage,159.5,0,0
2022-06-15,P003,Food & Beverage,142.1,0,0
2022-06-16,P003,Food & Beverage,142.2,0,0
2022-06-17,P003,Food & Beverage,176.7,0,0
2022-06-18,P003,Food & Beverage,170.0,0,0
2022-06-19,P003,Food & Beverage,254.5,1,0
2022-06-20,P003,Food & Beverage,128.6,0,0
2022-06-21,P003,Food & Beverage,210.5,0,1
2022-06-22,P003,Food & Beverage,153.1,0,0
2022-06-23,P003,Food & Beverage,165.4,0,0
2022-06-24,P003,Food & Beverage,159.6,0,0
2022-06-25,P003,Food & Beverage,189.9,0,0
2022-06-26,P003,Food & Beverage,141.9,0,0
2022-06-27,P003,Food & Beverage,138.1,0,0
2022-06-28,P003,Food & Beverage,162.8,0,0
2022-06-29,P003,Food & Beverage,153.4,0,0
2022-06-30,P003,Food & Beverage,149.4,0,0
2022-07-01,P003,Food & Beverage,163.8,0,0
2022-07-02,P003,Food & Beverage,185.2,0,0
2022-07-03,P003,Food & Beverage,160.8,0,0
2022-07-04,P003,Food & Beverage,243.1,1,0
2022-07-05,P003,Food & Beverage,145.9,0,0
2022-07-06,P003,Food & Beverage,150.5,0,0
2022-07-07,P003,Food & Beverage,143.5,0,0
2022-07-08,P003,Food & Beverage,163.0,0,0
2022-07-09,P003,Food & Beverage,170.5,0,0
2022-07-10,P003,Food & Beverage,156.0,0,0
2022-07-11,P003,Food & Beverage,152.8,0,0
2022-07-12,P003,Food & Beverage,141.4,0,0
2022-07-13,P003,Food & Beverage,145.9,0,0
2022-07-14,P003,Food & Beverage,157.7,0,0
2022-07-15,P003,Food & Beverage,156.3,0,0
2022-07-16,P003,Food & Beverage,174.5,0,0
2022-07-17,P003,Food & Beverage,142.6,0,0
2022-07-18,P003,Food & Beverage,130.3,0,0
2022-07-19,P003,Food & Beverage,201.0,0,1
2022-07-20,P003,Food & Beverage,160.2,0,0
2022-07-21,P003,Food & Beverage,215.4,0,1
2022-07-22,P003,Food & Beverage,243.2,0,1
2022-07-23,P003,Food & Beverage,162.3,0,0
2022-07-24,P003,Food & Beverage,211.9,0,1
2022-07-25,P003,Food & Beverage,161.0,0,0
2022-07-26,P003,Food & Beverage,198.5,0,1
2022-07-27,P003,Food & Beverage,126.6,0,0
2022-07-28,P003,Food & Beverage,160.6,0,0
2022-07-29,P003,Food & Beverage,150.9,0,0
2022-07-30,P003,Food & Beverage,165.6,0,0
2022-07-31,P003,Food & Beverage,134.8,0,0
2022-08-01,P003,Food & Beverage,139.2,0,0
2022-08-02,P003,Food & Beverage,130.9,0,0
2022-08-03,P003,Food & Beverage,141.7,0,0
2022-08-04,P003,Food & Beverage,151.2,0,0
2022-08-05,P003,Food & Beverage,147.8,0,0
2022-08-06,P003,Food & Beverage,225.0,0,1
2022-08-07,P003,Food & Beverage,135.8,0,0
2022-08-08,P003,Food & Beverage,121.6,0,0
2022-08-09,P003,Food & Beverage,134.7,0,0
2022-08-10,P003,Food & Beverage,143.4,0,0
2022-08-11,P003,Food & Beverage,141.8,0,0
2022-08-12,P003,Food & Beverage,153.7,0,0
2022-08-13,P003,Food & Beverage,163.1,0,0
2022-08-14,P003,Food & Beverage,131.7,0,0
2022-08-15,P003,Food & Beverage,140.9,0,0
2022-08-16,P003,Food & Beverage,151.5,0,0
2022-08-17,P003,Food & Beverage,136.7,0,0
2022-08-18,P003,Food & Beverage,149.3,0,0
2022-08-19,P003,Food & Beverage,153.0,0,0
2022-08-20,P003,Food & Beverage,165.8,0,0
2022-08-21,P003,Food & Beverage,152.0,0,0
2022-08-22,P003,Food & Beverage,138.2,0,0
2022-08-23,P003,Food & Beverage,119.7,0,0
2022-08-24,P003,Food & Beverage,144.6,0,0
2022-08-25,P003,Food & Beverage,155.6,0,0
2022-08-26,P003,Food & Beverage,152.3,0,0
2022-08-27,P003,Food & Beverage,171.1,0,0
2022-08-28,P003,Food & Beverage,129.6,0,0
2022-08-29,P003,Food & Beverage,118.3,0,0
2022-08-30,P003,Food & Beverage,204.6,0,1
2022-08-31,P003,Food & Beverage,122.7,0,0
2022-09-01,P003,Food & Beverage,140.8,0,0
2022-09-02,P003,Food & Beverage,166.1,0,0
2022-09-03,P003,Food & Beverage,142.6,0,0
2022-09-04,P003,Food & Beverage,123.4,0,0
2022-09-05,P003,Food & Beverage,230.1,1,0
2022-09-06,P003,Food & Beverage,134.9,0,0
2022-09-07,P003,Food & Beverage,135.6,0,0
2022-09-08,P003,Food & Beverage,156.0,0,0
2022-09-09,P003,Food & Beverage,162.5,0,0
2022-09-10,P003,Food & Beverage,165.3,0,0
2022-09-11,P003,Food & Beverage,136.7,0,0
2022-09-12,P003,Food & Beverage,135.4,0,0
2022-09-13,P003,Food & Beverage,126.9,0,0
2022-09-14,P003,Food & Beverage,147.0,0,0
2022-09-15,P003,Food & Beverage,131.7,0,0
2022-09-16,P003,Food & Beverage,161.2,0,0
2022-09-17,P003,Food & Beverage,171.7,0,0
2022-09-18,P003,Food & Beverage,137.1,0,0
2022-09-19,P003,Food & Beverage,129.8,0,0
2022-09-20,P003,Food & Beverage,139.0,0,0
2022-09-21,P003,Food & Beverage,111.2,0,0
2022-09-22,P003,Food & Beverage,145.2,0,0
2022-09-23,P003,Food & Beverage,152.0,0,0
2022-09-24,P003,Food & Beverage,159.9,0,0
2022-09-25,P003,Food & Beverage,142.0,0,0
2022-09-26,P003,Food & Beverage,130.9,0,0
2022-09-27,P003,Food & Beverage,124.3,0,0
2022-09-28,P003,Food & Beverage,137.5,0,0
2022-09-29,P003,Food & Beverage,143.2,0,0
2022-09-30,P003,Food & Beverage,154.5,0,0
2022-10-01,P003,Food & Beverage,162.2,0,0
2022-10-02,P003,Food & Beverage,212.6,0,1
2022-10-03,P003,Food & Beverage,121.5,0,0
2022-10-04,P003,Food & Beverage,137.3,0,0
2022-10-05,P003,Food & Beverage,151.6,0,0
2022-10-06,P003,Food & Beverage,126.3,0,0
2022-10-07,P003,Food & Beverage,155.5,0,0
2022-10-08,P003,Food & Beverage,155.4,0,0
2022-10-09,P003,Food & Beverage,132.4,0,0
2022-10-10,P003,Food & Beverage,231.7,1,0
2022-10-11,P003,Food & Beverage,134.5,0,0
2022-10-12,P003,Food & Beverage,157.5,0,0
2022-10-13,P003,Food & Beverage,131.4,0,0
2022-10-14,P003,Food & Beverage,143.2,0,0
2022-10-15,P003,Food & Beverage,149.2,0,0
2022-10-16,P003,Food & Beverage,153.2,0,0
2022-10-17,P003,Food & Beverage,128.7,0,0
2022-10-18,P003,Food & Beverage,136.6,0,0
2022-10-19,P003,Food & Beverage,136.7,0,0
2022-10-20,P003,Food & Beverage,135.3,0,0
2022-10-21,P003,Food & Beverage,153.0,0,0
2022-10-22,P003,Food & Beverage,186.2,0,0
2022-10-23,P003,Food & Beverage,150.9,0,0
2022-10-24,P003,Food & Beverage,125.9,0,0
2022-10-25,P003,Food & Beverage,144.0,0,0
2022-10-26,P003,Food & Beverage,133.6,0,0
2022-10-27,P003,Food & Beverage,128.3,0,0
2022-10-28,P003,Food & Beverage,166.1,0,0
2022-10-29,P003,Food & Beverage,174.8,0,0
2022-10-30,P003,Food & Beverage,148.6,0,0
2022-10-31,P003,Food & Beverage,130.7,0,0
2022-11-01,P003,Food & Beverage,245.3,1,0
2022-11-02,P003,Food & Beverage,149.9,0,0
2022-11-03,P003,Food & Beverage,150.3,0,0
2022-11-04,P003,Food & Beverage,153.7,0,0
2022-11-05,P003,Food & Beverage,149.3,0,0
2022-11-06,P003,Food & Beverage,140.9,0,0
2022-11-07,P003,Food & Beverage,146.8,0,0
2022-11-08,P003,Food & Beverage,128.7,0,0
2022-11-09,P003,Food & Beverage,217.4,0,1
2022-11-10,P003,Food & Beverage,151.0,0,0
2022-11-11,P003,Food & Beverage,274.0,1,0
2022-11-12,P003,Food & Beverage,174.6,0,0
2022-11-13,P003,Food & Beverage,134.6,0,0
2022-11-14,P003,Food & Beverage,122.3,0,0
2022-11-15,P003,Food & Beverage,136.6,0,0
2022-11-16,P003,Food & Beverage,154.0,0,0
2022-11-17,P003,Food & Beverage,144.1,0,0
2022-11-18,P003,Food & Beverage,153.7,0,0
2022-11-19,P003,Food & Beverage,150.3,0,0
2022-11-20,P003,Food & Beverage,159.6,0,0
2022-11-21,P003,Food & Beverage,147.3,0,0
2022-11-22,P003,Food & Beverage,150.6,0,0
2022-11-23,P003,Food & Beverage,156.4,0,0
2022-11-24,P003,Food & Beverage,264.4,1,0
2022-11-25,P003,Food & Beverage,339.6,1,0
2022-11-26,P003,Food & Beverage,167.8,0,0
2022-11-27,P003,Food & Beverage,140.3,0,0
2022-11-28,P003,Food & Beverage,166.4,0,0
2022-11-29,P003,Food & Beverage,150.3,0,0
2022-11-30,P003,Food & Beverage,144.3,0,0
2022-12-01,P003,Food & Beverage,157.1,0,0
2022-12-02,P003,Food & Beverage,154.0,0,0
2022-12-03,P003,Food & Beverage,185.5,0,0
2022-12-04,P003,Food & Beverage,139.8,0,0
2022-12-05,P003,Food & Beverage,147.6,0,0
2022-12-06,P003,Food & Beverage,156.9,0,0
2022-12-07,P003,Food & Beverage,221.4,0,1
2022-12-08,P003,Food & Beverage,155.3,0,0
2022-12-09,P003,Food & Beverage,165.5,0,0
2022-12-10,P003,Food & Beverage,172.3,0,0
2022-12-11,P003,Food & Beverage,142.4,0,0
2022-12-12,P003,Food & Beverage,140.3,0,0
2022-12-13,P003,Food & Beverage,162.7,0,0
2022-12-14,P003,Food & Beverage,151.3,0,0
2022-12-15,P003,Food & Beverage,148.6,0,0
2022-12-16,P003,Food & Beverage,162.3,0,0
2022-12-17,P003,Food & Beverage,185.3,0,0
2022-12-18,P003,Food & Beverage,156.3,0,0
2022-12-19,P003,Food & Beverage,151.8,0,0
2022-12-20,P003,Food & Beverage,147.8,0,0
2022-12-21,P003,Food & Beverage,226.9,0,1
2022-12-22,P003,Food & Beverage,151.9,0,0
2022-12-23,P003,Food & Beverage,166.6,0,0
2022-12-24,P003,Food & Beverage,293.9,1,0
2022-12-25,P003,Food & Beverage,268.0,1,0
2022-12-26,P003,Food & Beverage,246.9,1,0
2022-12-27,P003,Food & Beverage,143.9,0,0
2022-12-28,P003,Food & Beverage,157.1,0,0
2022-12-29,P003,Food & Beverage,176.4,0,0
2022-12-30,P003,Food & Beverage,219.7,0,1
2022-12-31,P003,Food & Beverage,289.1,1,0
2023-01-01,P003,Food & Beverage,248.2,1,0
2023-01-02,P003,Food & Beverage,144.0,0,0
2023-01-03,P003,Food & Beverage,150.5,0,0
2023-01-04,P003,Food & Beverage,153.8,0,0
2023-01-05,P003,Food & Beverage,156.6,0,0
2023-01-06,P003,Food & Beverage,172.8,0,0
2023-01-07,P003,Food & Beverage,175.0,0,0
2023-01-08,P003,Food & Beverage,141.2,0,0
2023-01-09,P003,Food & Beverage,159.4,0,0
2023-01-10,P003,Food & Beverage,163.0,0,0
2023-01-11,P003,Food & Beverage,234.9,0,1
2023-01-12,P003,Food & Beverage,148.6,0,0
2023-01-13,P003,Food & Beverage,177.3,0,0
2023-01-14,P003,Food & Beverage,188.4,0,0
2023-01-15,P003,Food & Beverage,147.1,0,0
2023-01-16,P003,Food & Beverage,153.7,0,0
2023-01-17,P003,Food & Beverage,264.3,1,0
2023-01-18,P003,Food & Beverage,178.9,0,0
2023-01-19,P003,Food & Beverage,183.6,0,0
2023-01-20,P003,Food & Beverage,160.1,0,0
2023-01-21,P003,Food & Beverage,207.5,0,0
2023-01-22,P003,Food & Beverage,149.8,0,0
2023-01-23,P003,Food & Beverage,164.6,0,0
2023-01-24,P003,Food & Beverage,168.3,0,0
2023-01-25,P003,Food & Beverage,153.3,0,0
2023-01-26,P003,Food & Beverage,171.4,0,0
2023-01-27,P003,Food & Beverage,176.6,0,0
2023-01-28,P003,Food & Beverage,190.4,0,0
2023-01-29,P003,Food & Beverage,162.3,0,0
2023-01-30,P003,Food & Beverage,168.2,0,0
2023-01-31,P003,Food & Beverage,161.2,0,0
2023-02-01,P003,Food & Beverage,162.7,0,0
2023-02-02,P003,Food & Beverage,245.8,0,1
2023-02-03,P003,Food & Beverage,184.7,0,0
2023-02-04,P003,Food & Beverage,193.5,0,0
2023-02-05,P003,Food & Beverage,155.1,0,0
2023-02-06,P003,Food & Beverage,148.0,0,0
2023-02-07,P003,Food & Beverage,156.4,0,0
2023-02-08,P003,Food & Beverage,159.7,0,0
2023-02-09,P003,Food & Beverage,176.9,0,0
2023-02-10,P003,Food & Beverage,256.9,0,1
2023-02-11,P003,Food & Beverage,186.2,0,0
2023-02-12,P003,Food & Beverage,176.4,0,0
2023-02-13,P003,Food & Beverage,172.4,0,0
2023-02-14,P003,Food & Beverage,165.4,0,0
2023-02-15,P003,Food & Beverage,158.9,0,0
2023-02-16,P003,Food & Beverage,185.6,0,0
2023-02-17,P003,Food & Beverage,180.9,0,0
2023-02-18,P003,Food & Beverage,190.0,0,0
2023-02-19,P003,Food & Beverage,160.5,0,0
2023-02-20,P003,Food & Beverage,151.7,0,0
2023-02-21,P003,Food & Beverage,257.9,1,0
2023-02-22,P003,Food & Beverage,173.8,0,0
2023-02-23,P003,Food & Beverage,163.9,0,0
2023-02-24,P003,Food & Beverage,211.8,0,0
2023-02-25,P003,Food & Beverage,179.3,0,0
2023-02-26,P003,Food & Beverage,152.5,0,0
2023-02-27,P003,Food & Beverage,233.2,0,1
2023-02-28,P003,Food & Beverage,179.5,0,0
2023-03-01,P003,Food & Beverage,169.1,0,0
2023-03-02,P003,Food & Beverage,177.7,0,0
2023-03-03,P003,Food & Beverage,165.4,0,0
2023-03-04,P003,Food & Beverage,183.9,0,0
2023-03-05,P003,Food & Beverage,155.0,0,0
2023-03-06,P003,Food & Beverage,143.6,0,0
2023-03-07,P003,Food & Beverage,166.6,0,0
2023-03-08,P003,Food & Beverage,147.6,0,0
2023-03-09,P003,Food & Beverage,160.1,0,0
2023-03-10,P003,Food & Beverage,178.5,0,0
2023-03-11,P003,Food & Beverage,182.9,0,0
2023-03-12,P003,Food & Beverage,169.5,0,0
2023-03-13,P003,Food & Beverage,165.1,0,0
2023-03-14,P003,Food & Beverage,241.6,0,1
2023-03-15,P003,Food & Beverage,176.7,0,0
2023-03-16,P003,Food & Beverage,251.3,0,1
2023-03-17,P003,Food & Beverage,183.9,0,0
2023-03-18,P003,Food & Beverage,194.1,0,0
2023-03-19,P003,Food & Beverage,170.9,0,0
2023-03-20,P003,Food & Beverage,163.8,0,0
2023-03-21,P003,Food & Beverage,162.2,0,0
2023-03-22,P003,Food & Beverage,166.4,0,0
2023-03-23,P003,Food & Beverage,165.4,0,0
2023-03-24,P003,Food & Beverage,188.1,0,0
2023-03-25,P003,Food & Beverage,190.3,0,0
2023-03-26,P003,Food & Beverage,159.6,0,0
2023-03-27,P003,Food & Beverage,156.0,0,0
2023-03-28,P003,Food & Beverage,154.4,0,0
2023-03-29,P003,Food & Beverage,179.0,0,0
2023-03-30,P003,Food & Beverage,173.9,0,0
2023-03-31,P003,Food & Beverage,175.6,0,0
2023-04-01,P003,Food & Beverage,198.8,0,0
2023-04-02,P003,Food & Beverage,160.4,0,0
2023-04-03,P003,Food & Beverage,148.7,0,0
2023-04-04,P003,Food & Beverage,175.5,0,0
2023-04-05,P003,Food & Beverage,164.1,0,0
2023-04-06,P003,Food & Beverage,168.9,0,0
2023-04-07,P003,Food & Beverage,184.0,0,0
2023-04-08,P003,Food & Beverage,201.7,0,0
2023-04-09,P003,Food & Beverage,165.6,0,0
2023-04-10,P003,Food & Beverage,150.2,0,0
2023-04-11,P003,Food & Beverage,237.7,0,1
2023-04-12,P003,Food & Beverage,164.1,0,0
2023-04-13,P003,Food & Beverage,190.4,0,0
2023-04-14,P003,Food & Beverage,183.0,0,0
2023-04-15,P003,Food & Beverage,168.7,0,0
2023-04-16,P003,Food & Beverage,168.2,0,0
2023-04-17,P003,Food & Beverage,179.8,0,0
2023-04-18,P003,Food & Beverage,179.7,0,0
2023-04-19,P003,Food & Beverage,185.7,0,0
2023-04-20,P003,Food & Beverage,161.8,0,0
2023-04-21,P003,Food & Beverage,191.0,0,0
2023-04-22,P003,Food & Beverage,182.4,0,0
2023-04-23,P003,Food & Beverage,166.2,0,0
2023-04-24,P003,Food & Beverage,148.0,0,0
2023-04-25,P003,Food & Beverage,157.5,0,0
2023-04-26,P003,Food & Beverage,160.7,0,0
2023-04-27,P003,Food & Beverage,179.3,0,0
2023-04-28,P003,Food & Beverage,189.0,0,0
2023-04-29,P003,Food & Beverage,191.0,0,0
2023-04-30,P003,Food & Beverage,150.0,0,0
2023-05-01,P003,Food & Beverage,156.3,0,0
2023-05-02,P003,Food & Beverage,155.5,0,0
2023-05-03,P003,Food & Beverage,174.5,0,0
2023-05-04,P003,Food & Beverage,180.9,0,0
2023-05-05,P003,Food & Beverage,190.3,0,0
2023-05-06,P003,Food & Beverage,180.0,0,0
2023-05-07,P003,Food & Beverage,135.5,0,0
2023-05-08,P003,Food & Beverage,141.1,0,0
2023-05-09,P003,Food & Beverage,242.3,0,1
2023-05-10,P003,Food & Beverage,161.0,0,0
2023-05-11,P003,Food & Beverage,228.3,0,1
2023-05-12,P003,Food & Beverage,194.7,0,0
2023-05-13,P003,Food & Beverage,198.1,0,0
2023-05-14,P003,Food & Beverage,160.8,0,0
2023-05-15,P003,Food & Beverage,153.9,0,0
2023-05-16,P003,Food & Beverage,158.8,0,0
2023-05-17,P003,Food & Beverage,165.7,0,0
2023-05-18,P003,Food & Beverage,182.3,0,0
2023-05-19,P003,Food & Beverage,181.5,0,0
2023-05-20,P003,Food & Beverage,191.5,0,0
2023-05-21,P003,Food & Beverage,237.5,0,1
2023-05-22,P003,Food & Beverage,144.0,0,0
2023-05-23,P003,Food & Beverage,165.9,0,0
2023-05-24,P003,Food & Beverage,159.2,0,0
2023-05-25,P003,Food & Beverage,141.2,0,0
2023-05-26,P003,Food & Beverage,155.5,0,0
2023-05-27,P003,Food & Beverage,173.2,0,0
2023-05-28,P003,Food & Beverage,162.6,0,0
2023-05-29,P003,Food & Beverage,154.8,0,0
2023-05-30,P003,Food & Beverage,266.8,1,0
2023-05-31,P003,Food & Beverage,179.1,0,0
2023-06-01,P003,Food & Beverage,151.6,0,0
2023-06-02,P003,Food & Beverage,174.1,0,0
2023-06-03,P003,Food & Beverage,251.4,0,1
2023-06-04,P003,Food & Beverage,148.8,0,0
2023-06-05,P003,Food & Beverage,152.3,0,0
2023-06-06,P003,Food & Beverage,207.2,0,1
2023-06-07,P003,Food & Beverage,172.3,0,0
2023-06-08,P003,Food & Beverage,155.5,0,0
2023-06-09,P003,Food & Beverage,192.1,0,0
2023-06-10,P003,Food & Beverage,179.3,0,0
2023-06-11,P003,Food & Beverage,164.0,0,0
2023-06-12,P003,Food & Beverage,149.8,0,0
2023-06-13,P003,Food & Beverage,153.3,0,0
2023-06-14,P003,Food & Beverage,151.4,0,0
2023-06-15,P003,Food & Beverage,161.5,0,0
2023-06-16,P003,Food & Beverage,173.9,0,0
2023-06-17,P003,Food & Beverage,170.3,0,0
2023-06-18,P003,Food & Beverage,218.4,0,1
2023-06-19,P003,Food & Beverage,250.7,1,0
2023-06-20,P003,Food & Beverage,173.9,0,0
2023-06-21,P003,Food & Beverage,154.3,0,0
2023-06-22,P003,Food & Beverage,173.4,0,0
2023-06-23,P003,Food & Beverage,167.2,0,0
2023-06-24,P003,Food & Beverage,245.7,0,1
2023-06-25,P003,Food & Beverage,137.9,0,0
2023-06-26,P003,Food & Beverage,142.5,0,0
2023-06-27,P003,Food & Beverage,152.1,0,0
2023-06-28,P003,Food & Beverage,168.7,0,0
2023-06-29,P003,Food & Beverage,158.9,0,0
2023-06-30,P003,Food & Beverage,247.8,0,1
2023-07-01,P003,Food & Beverage,180.4,0,0
2023-07-02,P003,Food & Beverage,164.5,0,0
2023-07-03,P003,Food & Beverage,144.4,0,0
2023-07-04,P003,Food & Beverage,279.3,1,0
2023-07-05,P003,Food & Beverage,147.0,0,0
2023-07-06,P003,Food & Beverage,147.7,0,0
2023-07-07,P003,Food & Beverage,154.0,0,0
2023-07-08,P003,Food & Beverage,194.9,0,0
2023-07-09,P003,Food & Beverage,155.0,0,0
2023-07-10,P003,Food & Beverage,140.1,0,0
2023-07-11,P003,Food & Beverage,158.6,0,0
2023-07-12,P003,Food & Beverage,156.6,0,0
2023-07-13,P003,Food & Beverage,172.2,0,0
2023-07-14,P003,Food & Beverage,149.1,0,0
2023-07-15,P003,Food & Beverage,168.3,0,0
2023-07-16,P003,Food & Beverage,141.0,0,0
2023-07-17,P003,Food & Beverage,122.7,0,0
2023-07-18,P003,Food & Beverage,155.2,0,0
2023-07-19,P003,Food & Beverage,145.8,0,0
2023-07-20,P003,Food & Beverage,158.9,0,0
2023-07-21,P003,Food & Beverage,185.0,0,0
2023-07-22,P003,Food & Beverage,165.9,0,0
2023-07-23,P003,Food & Beverage,139.9,0,0
2023-07-24,P003,Food & Beverage,141.2,0,0
2023-07-25,P003,Food & Beverage,152.9,0,0
2023-07-26,P003,Food & Beverage,141.4,0,0
2023-07-27,P003,Food & Beverage,144.2,0,0
2023-07-28,P003,Food & Beverage,171.0,0,0
2023-07-29,P003,Food & Beverage,171.5,0,0
2023-07-30,P003,Food & Beverage,122.8,0,0
2023-07-31,P003,Food & Beverage,126.9,0,0
2023-08-01,P003,Food & Beverage,156.5,0,0
2023-08-02,P003,Food & Beverage,149.3,0,0
2023-08-03,P003,Food & Beverage,208.8,0,1
2023-08-04,P003,Food & Beverage,157.9,0,0
2023-08-05,P003,Food & Beverage,166.6,0,0
2023-08-06,P003,Food & Beverage,148.2,0,0
2023-08-07,P003,Food & Beverage,124.3,0,0
2023-08-08,P003,Food & Beverage,132.7,0,0
2023-08-09,P003,Food & Beverage,146.8,0,0
2023-08-10,P003,Food & Beverage,146.7,0,0
2023-08-11,P003,Food & Beverage,163.8,0,0
2023-08-12,P003,Food & Beverage,153.5,0,0
2023-08-13,P003,Food & Beverage,143.4,0,0
2023-08-14,P003,Food & Beverage,146.7,0,0
2023-08-15,P003,Food & Beverage,144.3,0,0
2023-08-16,P003,Food & Beverage,144.4,0,0
2023-08-17,P003,Food & Beverage,145.6,0,0
2023-08-18,P003,Food & Beverage,149.2,0,0
2023-08-19,P003,Food & Beverage,163.6,0,0
2023-08-20,P003,Food & Beverage,151.1,0,0
2023-08-21,P003,Food & Beverage,134.1,0,0
2023-08-22,P003,Food & Beverage,130.2,0,0
2023-08-23,P003,Food & Beverage,137.5,0,0
2023-08-24,P003,Food & Beverage,147.6,0,0
2023-08-25,P003,Food & Beverage,152.8,0,0
2023-08-26,P003,Food & Beverage,168.1,0,0
2023-08-27,P003,Food & Beverage,143.2,0,0
2023-08-28,P003,Food & Beverage,143.0,0,0
2023-08-29,P003,Food & Beverage,151.6,0,0
2023-08-30,P003,Food & Beverage,151.0,0,0
2023-08-31,P003,Food & Beverage,136.0,0,0
2023-09-01,P003,Food & Beverage,147.0,0,0
2023-09-02,P003,Food & Beverage,162.1,0,0
2023-09-03,P003,Food & Beverage,133.2,0,0
2023-09-04,P003,Food & Beverage,122.9,0,0
2023-09-05,P003,Food & Beverage,241.2,1,0
2023-09-06,P003,Food & Beverage,136.4,0,0
2023-09-07,P003,Food & Beverage,138.0,0,0
2023-09-08,P003,Food & Beverage,152.2,0,0
2023-09-09,P003,Food & Beverage,240.9,0,1
2023-09-10,P003,Food & Beverage,206.3,0,1
2023-09-11,P003,Food & Beverage,157.2,0,0
2023-09-12,P003,Food & Beverage,138.7,0,0
2023-09-13,P003,Food & Beverage,137.8,0,0
2023-09-14,P003,Food & Beverage,144.2,0,0
2023-09-15,P003,Food & Beverage,157.4,0,0
2023-09-16,P003,Food & Beverage,233.5,0,1
2023-09-17,P003,Food & Beverage,156.9,0,0
2023-09-18,P003,Food & Beverage,125.2,0,0
2023-09-19,P003,Food & Beverage,145.2,0,0
2023-09-20,P003,Food & Beverage,142.5,0,0
2023-09-21,P003,Food & Beverage,129.1,0,0
2023-09-22,P003,Food & Beverage,162.3,0,0
2023-09-23,P003,Food & Beverage,174.3,0,0
2023-09-24,P003,Food & Beverage,128.7,0,0
2023-09-25,P003,Food & Beverage,200.5,0,1
2023-09-26,P003,Food & Beverage,120.5,0,0
2023-09-27,P003,Food & Beverage,128.6,0,0
2023-09-28,P003,Food & Beverage,154.4,0,0
2023-09-29,P003,Food & Beverage,217.9,0,1
2023-09-30,P003,Food & Beverage,151.7,0,0
2023-10-01,P003,Food & Beverage,139.4,0,0
2023-10-02,P003,Food & Beverage,128.7,0,0
2023-10-03,P003,Food & Beverage,132.8,0,0
2023-10-04,P003,Food & Beverage,148.1,0,0
2023-10-05,P003,Food & Beverage,133.5,0,0
2023-10-06,P003,Food & Beverage,146.8,0,0
2023-10-07,P003,Food & Beverage,164.3,0,0
2023-10-08,P003,Food & Beverage,147.0,0,0
2023-10-09,P003,Food & Beverage,146.1,0,0
2023-10-10,P003,Food & Beverage,239.5,1,0
2023-10-11,P003,Food & Beverage,150.5,0,0
2023-10-12,P003,Food & Beverage,137.7,0,0
2023-10-13,P003,Food & Beverage,173.7,0,0
2023-10-14,P003,Food & Beverage,152.6,0,0
2023-10-15,P003,Food & Beverage,151.1,0,0
2023-10-16,P003,Food & Beverage,128.6,0,0
2023-10-17,P003,Food & Beverage,157.9,0,0
2023-10-18,P003,Food & Beverage,148.0,0,0
2023-10-19,P003,Food & Beverage,136.3,0,0
2023-10-20,P003,Food & Beverage,151.9,0,0
2023-10-21,P003,Food & Beverage,171.8,0,0
2023-10-22,P003,Food & Beverage,149.3,0,0
2023-10-23,P003,Food & Beverage,202.3,0,1
2023-10-24,P003,Food & Beverage,139.9,0,0
2023-10-25,P003,Food & Beverage,150.5,0,0
2023-10-26,P003,Food & Beverage,148.3,0,0
2023-10-27,P003,Food & Beverage,145.5,0,0
2023-10-28,P003,Food & Beverage,157.5,0,0
2023-10-29,P003,Food & Beverage,142.5,0,0
2023-10-30,P003,Food & Beverage,148.5,0,0
2023-10-31,P003,Food & Beverage,156.1,0,0
2023-11-01,P003,Food & Beverage,259.9,1,0
2023-11-02,P003,Food & Beverage,150.9,0,0
2023-11-03,P003,Food & Beverage,166.3,0,0
2023-11-04,P003,Food & Beverage,160.1,0,0
2023-11-05,P003,Food & Beverage,140.0,0,0
2023-11-06,P003,Food & Beverage,130.2,0,0
2023-11-07,P003,Food & Beverage,129.9,0,0
2023-11-08,P003,Food & Beverage,148.9,0,0
2023-11-09,P003,Food & Beverage,218.4,0,1
2023-11-10,P003,Food & Beverage,167.1,0,0
2023-11-11,P003,Food & Beverage,281.1,1,0
2023-11-12,P003,Food & Beverage,145.2,0,0
2023-11-13,P003,Food & Beverage,144.8,0,0
2023-11-14,P003,Food & Beverage,142.9,0,0
2023-11-15,P003,Food & Beverage,151.1,0,0
2023-11-16,P003,Food & Beverage,143.9,0,0
2023-11-17,P003,Food & Beverage,165.5,0,0
2023-11-18,P003,Food & Beverage,175.8,0,0
2023-11-19,P003,Food & Beverage,138.0,0,0
2023-11-20,P003,Food & Beverage,141.5,0,0
2023-11-21,P003,Food & Beverage,138.9,0,0
2023-11-22,P003,Food & Beverage,143.6,0,0
2023-11-23,P003,Food & Beverage,141.7,0,0
2023-11-24,P003,Food & Beverage,355.7,1,0
2023-11-25,P003,Food & Beverage,289.2,1,0
2023-11-26,P003,Food & Beverage,151.2,0,0
2023-11-27,P003,Food & Beverage,161.6,0,0
2023-11-28,P003,Food & Beverage,144.7,0,0
2023-11-29,P003,Food & Beverage,179.4,0,0
2023-11-30,P003,Food & Beverage,152.0,0,0
2023-12-01,P003,Food & Beverage,167.7,0,0
2023-12-02,P003,Food & Beverage,168.9,0,0
2023-12-03,P003,Food & Beverage,218.5,0,1
2023-12-04,P003,Food & Beverage,152.4,0,0
2023-12-05,P003,Food & Beverage,147.1,0,0
2023-12-06,P003,Food & Beverage,169.1,0,0
2023-12-07,P003,Food & Beverage,158.2,0,0
2023-12-08,P003,Food & Beverage,236.8,0,1
2023-12-09,P003,Food & Beverage,165.7,0,0
2023-12-10,P003,Food & Beverage,153.5,0,0
2023-12-11,P003,Food & Beverage,144.9,0,0
2023-12-12,P003,Food & Beverage,144.2,0,0
2023-12-13,P003,Food & Beverage,146.4,0,0
2023-12-14,P003,Food & Beverage,183.4,0,0
2023-12-15,P003,Food & Beverage,166.3,0,0
2023-12-16,P003,Food & Beverage,162.3,0,0
2023-12-17,P003,Food & Beverage,211.8,0,1
2023-12-18,P003,Food & Beverage,147.5,0,0
2023-12-19,P003,Food & Beverage,157.1,0,0
2023-12-20,P003,Food & Beverage,161.1,0,0
2023-12-21,P003,Food & Beverage,166.1,0,0
2023-12-22,P003,Food & Beverage,164.5,0,0
2023-12-23,P003,Food & Beverage,248.6,0,1
2023-12-24,P003,Food & Beverage,252.8,1,0
2023-12-25,P003,Food & Beverage,251.9,1,0
2023-12-26,P003,Food & Beverage,252.9,1,0
2023-12-27,P003,Food & Beverage,146.2,0,0
2023-12-28,P003,Food & Beverage,171.6,0,0
2023-12-29,P003,Food & Beverage,179.1,0,0
2023-12-30,P003,Food & Beverage,189.3,0,0
2023-12-31,P003,Food & Beverage,263.4,1,0
2024-01-01,P003,Food & Beverage,267.1,1,0
2024-01-02,P003,Food & Beverage,138.6,0,0
2024-01-03,P003,Food & Beverage,167.7,0,0
2024-01-04,P003,Food & Beverage,164.9,0,0
2024-01-05,P003,Food & Beverage,180.3,0,0
2024-01-06,P003,Food & Beverage,185.4,0,0
2024-01-07,P003,Food & Beverage,147.3,0,0
2024-01-08,P003,Food & Beverage,206.3,0,1
2024-01-09,P003,Food & Beverage,150.5,0,0
2024-01-10,P003,Food & Beverage,166.6,0,0
2024-01-11,P003,Food & Beverage,171.6,0,0
2024-01-12,P003,Food & Beverage,162.9,0,0
2024-01-13,P003,Food & Beverage,241.3,0,1
2024-01-14,P003,Food & Beverage,151.6,0,0
2024-01-15,P003,Food & Beverage,151.7,0,0
2024-01-16,P003,Food & Beverage,145.9,0,0
2024-01-17,P003,Food & Beverage,257.2,1,0
2024-01-18,P003,Food & Beverage,158.8,0,0
2024-01-19,P003,Food & Beverage,178.5,0,0
2024-01-20,P003,Food & Beverage,173.8,0,0
2024-01-21,P003,Food & Beverage,159.1,0,0
2024-01-22,P003,Food & Beverage,167.0,0,0
2024-01-23,P003,Food & Beverage,148.1,0,0
2024-01-24,P003,Food & Beverage,162.5,0,0
2024-01-25,P003,Food & Beverage,245.3,0,1
2024-01-26,P003,Food & Beverage,175.3,0,0
2024-01-27,P003,Food & Beverage,181.2,0,0
2024-01-28,P003,Food & Beverage,172.9,0,0
2024-01-29,P003,Food & Beverage,155.4,0,0
2024-01-30,P003,Food & Beverage,172.7,0,0
2024-01-31,P003,Food & Beverage,170.0,0,0
2024-02-01,P003,Food & Beverage,166.4,0,0
2024-02-02,P003,Food & Beverage,185.3,0,0
2024-02-03,P003,Food & Beverage,191.2,0,0
2024-02-04,P003,Food & Beverage,172.9,0,0
2024-02-05,P003,Food & Beverage,154.4,0,0
2024-02-06,P003,Food & Beverage,163.9,0,0
2024-02-07,P003,Food & Beverage,166.7,0,0
2024-02-08,P003,Food & Beverage,177.8,0,0
2024-02-09,P003,Food & Beverage,172.2,0,0
2024-02-10,P003,Food & Beverage,199.2,0,0
2024-02-11,P003,Food & Beverage,168.8,0,0
2024-02-12,P003,Food & Beverage,148.3,0,0
2024-02-13,P003,Food & Beverage,176.3,0,0
2024-02-14,P003,Food & Beverage,189.9,0,0
2024-02-15,P003,Food & Beverage,249.0,0,1
2024-02-16,P003,Food & Beverage,196.8,0,0
2024-02-17,P003,Food & Beverage,191.3,0,0
2024-02-18,P003,Food & Beverage,149.5,0,0
2024-02-19,P003,Food & Beverage,144.3,0,0
2024-02-20,P003,Food & Beverage,168.2,0,0
2024-02-21,P003,Food & Beverage,271.8,1,0
2024-02-22,P003,Food & Beverage,164.4,0,0
2024-02-23,P003,Food & Beverage,183.5,0,0
2024-02-24,P003,Food & Beverage,264.5,0,1
2024-02-25,P003,Food & Beverage,219.6,0,1
2024-02-26,P003,Food & Beverage,158.5,0,0
2024-02-27,P003,Food & Beverage,181.0,0,0
2024-02-28,P003,Food & Beverage,159.9,0,0
2024-02-29,P003,Food & Beverage,182.3,0,0
2024-03-01,P003,Food & Beverage,247.4,0,1
2024-03-02,P003,Food & Beverage,197.4,0,0
2024-03-03,P003,Food & Beverage,244.8,0,1
2024-03-04,P003,Food & Beverage,170.6,0,0
2024-03-05,P003,Food & Beverage,175.9,0,0
2024-03-06,P003,Food & Beverage,159.8,0,0
2024-03-07,P003,Food & Beverage,185.2,0,0
2024-03-08,P003,Food & Beverage,177.2,0,0
2024-03-09,P003,Food & Beverage,195.1,0,0
2024-03-10,P003,Food & Beverage,170.0,0,0
2024-03-11,P003,Food & Beverage,168.6,0,0
2024-03-12,P003,Food & Beverage,170.9,0,0
2024-03-13,P003,Food & Beverage,163.2,0,0
2024-03-14,P003,Food & Beverage,161.9,0,0
2024-03-15,P003,Food & Beverage,194.1,0,0
2024-03-16,P003,Food & Beverage,194.7,0,0
2024-03-17,P003,Food & Beverage,246.0,0,1
2024-03-18,P003,Food & Beverage,163.8,0,0
2024-03-19,P003,Food & Beverage,154.3,0,0
2024-03-20,P003,Food & Beverage,180.7,0,0
2024-03-21,P003,Food & Beverage,171.5,0,0
2024-03-22,P003,Food & Beverage,189.1,0,0
2024-03-23,P003,Food & Beverage,186.8,0,0
2024-03-24,P003,Food & Beverage,183.6,0,0
2024-03-25,P003,Food & Beverage,155.8,0,0
2024-03-26,P003,Food & Beverage,164.6,0,0
2024-03-27,P003,Food & Beverage,172.4,0,0
2024-03-28,P003,Food & Beverage,164.5,0,0
2024-03-29,P003,Food & Beverage,188.9,0,0
2024-03-30,P003,Food & Beverage,208.4,0,0
2024-03-31,P003,Food & Beverage,163.0,0,0
2024-04-01,P003,Food & Beverage,235.0,0,1
2024-04-02,P003,Food & Beverage,141.2,0,0
2024-04-03,P003,Food & Beverage,170.8,0,0
2024-04-04,P003,Food & Beverage,171.7,0,0
2024-04-05,P003,Food & Beverage,177.6,0,0
2024-04-06,P003,Food & Beverage,203.0,0,0
2024-04-07,P003,Food & Beverage,164.2,0,0
2024-04-08,P003,Food & Beverage,161.9,0,0
2024-04-09,P003,Food & Beverage,163.5,0,0
2024-04-10,P003,Food & Beverage,152.3,0,0
2024-04-11,P003,Food & Beverage,163.3,0,0
2024-04-12,P003,Food & Beverage,194.1,0,0
2024-04-13,P003,Food & Beverage,171.8,0,0
2024-04-14,P003,Food & Beverage,159.4,0,0
2024-04-15,P003,Food & Beverage,159.2,0,0
2024-04-16,P003,Food & Beverage,183.3,0,0
2024-04-17,P003,Food & Beverage,177.4,0,0
2024-04-18,P003,Food & Beverage,168.2,0,0
2024-04-19,P003,Food & Beverage,196.7,0,0
2024-04-20,P003,Food & Beverage,184.2,0,0
2024-04-21,P003,Food & Beverage,175.6,0,0
2024-04-22,P003,Food & Beverage,149.2,0,0
2024-04-23,P003,Food & Beverage,176.0,0,0
2024-04-24,P003,Food & Beverage,165.3,0,0
2024-04-25,P003,Food & Beverage,162.7,0,0
2024-04-26,P003,Food & Beverage,181.2,0,0
2024-04-27,P003,Food & Beverage,193.0,0,0
2024-04-28,P003,Food & Beverage,160.2,0,0
2024-04-29,P003,Food & Beverage,166.5,0,0
2024-04-30,P003,Food & Beverage,159.1,0,0
2024-05-01,P003,Food & Beverage,174.1,0,0
2024-05-02,P003,Food & Beverage,175.8,0,0
2024-05-03,P003,Food & Beverage,181.6,0,0
2024-05-04,P003,Food & Beverage,185.0,0,0
2024-05-05,P003,Food & Beverage,165.3,0,0
2024-05-06,P003,Food & Beverage,165.3,0,0
2024-05-07,P003,Food & Beverage,183.3,0,0
2024-05-08,P003,Food & Beverage,175.9,0,0
2024-05-09,P003,Food & Beverage,179.7,0,0
2024-05-10,P003,Food & Beverage,210.6,0,0
2024-05-11,P003,Food & Beverage,192.9,0,0
2024-05-12,P003,Food & Beverage,167.2,0,0
2024-05-13,P003,Food & Beverage,165.5,0,0
2024-05-14,P003,Food & Beverage,152.5,0,0
2024-05-15,P003,Food & Beverage,228.5,0,1
2024-05-16,P003,Food & Beverage,231.3,0,1
2024-05-17,P003,Food & Beverage,185.7,0,0
2024-05-18,P003,Food & Beverage,252.0,0,1
2024-05-19,P003,Food & Beverage,162.4,0,0
2024-05-20,P003,Food & Beverage,167.7,0,0
2024-05-21,P003,Food & Beverage,169.0,0,0
2024-05-22,P003,Food & Beverage,229.7,0,1
2024-05-23,P003,Food & Beverage,161.0,0,0
2024-05-24,P003,Food & Beverage,188.9,0,0
2024-05-25,P003,Food & Beverage,259.6,0,1
2024-05-26,P003,Food & Beverage,144.1,0,0
2024-05-27,P003,Food & Beverage,152.7,0,0
2024-05-28,P003,Food & Beverage,160.7,0,0
2024-05-29,P003,Food & Beverage,169.9,0,0
2024-05-30,P003,Food & Beverage,282.6,1,0
2024-05-31,P003,Food & Beverage,179.1,0,0
2024-06-01,P003,Food & Beverage,189.0,0,0
2024-06-02,P003,Food & Beverage,225.7,0,1
2024-06-03,P003,Food & Beverage,147.6,0,0
2024-06-04,P003,Food & Beverage,154.9,0,0
2024-06-05,P003,Food & Beverage,161.0,0,0
2024-06-06,P003,Food & Beverage,163.8,0,0
2024-06-07,P003,Food & Beverage,156.6,0,0
2024-06-08,P003,Food & Beverage,177.8,0,0
2024-06-09,P003,Food & Beverage,156.7,0,0
2024-06-10,P003,Food & Beverage,149.7,0,0
2024-06-11,P003,Food & Beverage,153.3,0,0
2024-06-12,P003,Food & Beverage,163.7,0,0
2024-06-13,P003,Food & Beverage,152.0,0,0
2024-06-14,P003,Food & Beverage,157.3,0,0
2024-06-15,P003,Food & Beverage,176.6,0,0
2024-06-16,P003,Food & Beverage,161.8,0,0
2024-06-17,P003,Food & Beverage,166.8,0,0
2024-06-18,P003,Food & Beverage,161.4,0,0
2024-06-19,P003,Food & Beverage,251.2,1,0
2024-06-20,P003,Food & Beverage,158.4,0,0
2024-06-21,P003,Food & Beverage,173.6,0,0
2024-06-22,P003,Food & Beverage,247.0,0,1
2024-06-23,P003,Food & Beverage,157.9,0,0
2024-06-24,P003,Food & Beverage,140.0,0,0
2024-06-25,P003,Food & Beverage,152.8,0,0
2024-06-26,P003,Food & Beverage,159.6,0,0
2024-06-27,P003,Food & Beverage,166.8,0,0
2024-06-28,P003,Food & Beverage,161.7,0,0
2024-06-29,P003,Food & Beverage,173.0,0,0
2024-06-30,P003,Food & Beverage,125.0,0,0
2024-07-01,P003,Food & Beverage,141.1,0,0
2024-07-02,P003,Food & Beverage,145.4,0,0
2024-07-03,P003,Food & Beverage,144.0,0,0
2024-07-04,P003,Food & Beverage,266.7,1,0
2024-07-05,P003,Food & Beverage,167.1,0,0
2024-07-06,P003,Food & Beverage,220.1,0,1
2024-07-07,P003,Food & Beverage,151.3,0,0
2024-07-08,P003,Food & Beverage,136.4,0,0
2024-07-09,P003,Food & Beverage,153.4,0,0
2024-07-10,P003,Food & Beverage,207.0,0,1
2024-07-11,P003,Food & Beverage,155.7,0,0
2024-07-12,P003,Food & Beverage,163.3,0,0
2024-07-13,P003,Food & Beverage,243.1,0,1
2024-07-14,P003,Food & Beverage,148.7,0,0
2024-07-15,P003,Food & Beverage,141.2,0,0
2024-07-16,P003,Food & Beverage,132.3,0,0
2024-07-17,P003,Food & Beverage,136.3,0,0
2024-07-18,P003,Food & Beverage,148.2,0,0
2024-07-19,P003,Food & Beverage,164.3,0,0
2024-07-20,P003,Food & Beverage,165.5,0,0
2024-07-21,P003,Food & Beverage,151.9,0,0
2024-07-22,P003,Food & Beverage,206.6,0,1
2024-07-23,P003,Food & Beverage,136.2,0,0
2024-07-24,P003,Food & Beverage,146.2,0,0
2024-07-25,P003,Food & Beverage,221.7,0,1
2024-07-26,P003,Food & Beverage,166.0,0,0
2024-07-27,P003,Food & Beverage,187.9,0,0
2024-07-28,P003,Food & Beverage,138.0,0,0
2024-07-29,P003,Food & Beverage,140.0,0,0
2024-07-30,P003,Food & Beverage,148.2,0,0
2024-07-31,P003,Food & Beverage,147.3,0,0
2024-08-01,P003,Food & Beverage,146.1,0,0
2024-08-02,P003,Food & Beverage,146.6,0,0
2024-08-03,P003,Food & Beverage,163.6,0,0
2024-08-04,P003,Food & Beverage,132.8,0,0
2024-08-05,P003,Food & Beverage,122.8,0,0
2024-08-06,P003,Food & Beverage,135.1,0,0
2024-08-07,P003,Food & Beverage,136.1,0,0
2024-08-08,P003,Food & Beverage,155.2,0,0
2024-08-09,P003,Food & Beverage,166.0,0,0
2024-08-10,P003,Food & Beverage,158.6,0,0
2024-08-11,P003,Food & Beverage,139.4,0,0
2024-08-12,P003,Food & Beverage,120.3,0,0
2024-08-13,P003,Food & Beverage,136.9,0,0
2024-08-14,P003,Food & Beverage,216.1,0,1
2024-08-15,P003,Food & Beverage,156.5,0,0
2024-08-16,P003,Food & Beverage,152.3,0,0
2024-08-17,P003,Food & Beverage,176.4,0,0
2024-08-18,P003,Food & Beverage,126.4,0,0
2024-08-19,P003,Food & Beverage,125.2,0,0
2024-08-20,P003,Food & Beverage,147.5,0,0
2024-08-21,P003,Food & Beverage,160.2,0,0
2024-08-22,P003,Food & Beverage,219.6,0,1
2024-08-23,P003,Food & Beverage,157.9,0,0
2024-08-24,P003,Food & Beverage,144.3,0,0
2024-08-25,P003,Food & Beverage,120.7,0,0
2024-08-26,P003,Food & Beverage,137.6,0,0
2024-08-27,P003,Food & Beverage,136.4,0,0
2024-08-28,P003,Food & Beverage,132.8,0,0
2024-08-29,P003,Food & Beverage,147.5,0,0
2024-08-30,P003,Food & Beverage,158.7,0,0
2024-08-31,P003,Food & Beverage,241.0,0,1
2024-09-01,P003,Food & Beverage,140.8,0,0
2024-09-02,P003,Food & Beverage,147.6,0,0
2024-09-03,P003,Food & Beverage,139.4,0,0
2024-09-04,P003,Food & Beverage,141.7,0,0
2024-09-05,P003,Food & Beverage,264.6,1,0
2024-09-06,P003,Food & Beverage,147.7,0,0
2024-09-07,P003,Food & Beverage,191.3,0,0
2024-09-08,P003,Food & Beverage,142.6,0,0
2024-09-09,P003,Food & Beverage,139.0,0,0
2024-09-10,P003,Food & Beverage,144.0,0,0
2024-09-11,P003,Food & Beverage,160.5,0,0
2024-09-12,P003,Food & Beverage,220.9,0,1
2024-09-13,P003,Food & Beverage,141.4,0,0
2024-09-14,P003,Food & Beverage,177.5,0,0
2024-09-15,P003,Food & Beverage,135.5,0,0
2024-09-16,P003,Food & Beverage,136.2,0,0
2024-09-17,P003,Food & Beverage,126.5,0,0
2024-09-18,P003,Food & Beverage,147.4,0,0
2024-09-19,P003,Food & Beverage,139.7,0,0
2024-09-20,P003,Food & Beverage,157.7,0,0
2024-09-21,P003,Food & Beverage,161.2,0,0
2024-09-22,P003,Food & Beverage,157.3,0,0
2024-09-23,P003,Food & Beverage,154.2,0,0
2024-09-24,P003,Food & Beverage,139.3,0,0
2024-09-25,P003,Food & Beverage,210.3,0,1
2024-09-26,P003,Food & Beverage,142.5,0,0
2024-09-27,P003,Food & Beverage,167.5,0,0
2024-09-28,P003,Food & Beverage,161.0,0,0
2024-09-29,P003,Food & Beverage,135.0,0,0
2024-09-30,P003,Food & Beverage,144.8,0,0
2024-10-01,P003,Food & Beverage,133.9,0,0
2024-10-02,P003,Food & Beverage,142.4,0,0
2024-10-03,P003,Food & Beverage,131.2,0,0
2024-10-04,P003,Food & Beverage,164.0,0,0
2024-10-05,P003,Food & Beverage,183.2,0,0
2024-10-06,P003,Food & Beverage,146.4,0,0
2024-10-07,P003,Food & Beverage,149.9,0,0
2024-10-08,P003,Food & Beverage,131.5,0,0
2024-10-09,P003,Food & Beverage,145.5,0,0
2024-10-10,P003,Food & Beverage,313.1,1,1
2024-10-11,P003,Food & Beverage,155.7,0,0
2024-10-12,P003,Food & Beverage,172.6,0,0
2024-10-13,P003,Food & Beverage,141.0,0,0
2024-10-14,P003,Food & Beverage,123.0,0,0
2024-10-15,P003,Food & Beverage,127.7,0,0
2024-10-16,P003,Food & Beverage,130.7,0,0
2024-10-17,P003,Food & Beverage,152.4,0,0
2024-10-18,P003,Food & Beverage,178.5,0,0
2024-10-19,P003,Food & Beverage,179.1,0,0
2024-10-20,P003,Food & Beverage,122.7,0,0
2024-10-21,P003,Food & Beverage,151.1,0,0
2024-10-22,P003,Food & Beverage,150.2,0,0
2024-10-23,P003,Food & Beverage,130.1,0,0
2024-10-24,P003,Food & Beverage,145.8,0,0
2024-10-25,P003,Food & Beverage,170.1,0,0
2024-10-26,P003,Food & Beverage,172.3,0,0
2024-10-27,P003,Food & Beverage,129.4,0,0
2024-10-28,P003,Food & Beverage,144.4,0,0
2024-10-29,P003,Food & Beverage,121.7,0,0
2024-10-30,P003,Food & Beverage,143.9,0,0
2024-10-31,P003,Food & Beverage,160.7,0,0
2024-11-01,P003,Food & Beverage,268.9,1,0
2024-11-02,P003,Food & Beverage,230.6,0,1
2024-11-03,P003,Food & Beverage,151.7,0,0
2024-11-04,P003,Food & Beverage,149.1,0,0
2024-11-05,P003,Food & Beverage,156.1,0,0
2024-11-06,P003,Food & Beverage,155.7,0,0
2024-11-07,P003,Food & Beverage,161.5,0,0
2024-11-08,P003,Food & Beverage,169.1,0,0
2024-11-09,P003,Food & Beverage,172.0,0,0
2024-11-10,P003,Food & Beverage,145.3,0,0
2024-11-11,P003,Food & Beverage,246.8,1,0
2024-11-12,P003,Food & Beverage,133.3,0,0
2024-11-13,P003,Food & Beverage,139.5,0,0
2024-11-14,P003,Food & Beverage,149.8,0,0
2024-11-15,P003,Food & Beverage,165.9,0,0
2024-11-16,P003,Food & Beverage,252.0,0,1
2024-11-17,P003,Food & Beverage,145.6,0,0
2024-11-18,P003,Food & Beverage,152.2,0,0
2024-11-19,P003,Food & Beverage,156.8,0,0
2024-11-20,P003,Food & Beverage,148.0,0,0
2024-11-21,P003,Food & Beverage,159.8,0,0
2024-11-22,P003,Food & Beverage,342.8,1,0
2024-11-23,P003,Food & Beverage,185.3,0,0
2024-11-24,P003,Food & Beverage,261.7,1,0
2024-11-25,P003,Food & Beverage,240.8,1,0
2024-11-26,P003,Food & Beverage,149.6,0,0
2024-11-27,P003,Food & Beverage,167.7,0,0
2024-11-28,P003,Food & Beverage,154.0,0,0
2024-11-29,P003,Food & Beverage,351.1,1,0
2024-11-30,P003,Food & Beverage,179.5,0,0
2024-12-01,P003,Food & Beverage,139.4,0,0
2024-12-02,P003,Food & Beverage,218.1,0,1
2024-12-03,P003,Food & Beverage,136.4,0,0
2024-12-04,P003,Food & Beverage,147.7,0,0
2024-12-05,P003,Food & Beverage,167.8,0,0
2024-12-06,P003,Food & Beverage,172.0,0,0
2024-12-07,P003,Food & Beverage,173.1,0,0
2024-12-08,P003,Food & Beverage,155.4,0,0
2024-12-09,P003,Food & Beverage,147.2,0,0
2024-12-10,P003,Food & Beverage,151.7,0,0
2024-12-11,P003,Food & Beverage,161.8,0,0
2024-12-12,P003,Food & Beverage,152.3,0,0
2024-12-13,P003,Food & Beverage,170.8,0,0
2024-12-14,P003,Food & Beverage,174.8,0,0
2024-12-15,P003,Food & Beverage,204.9,0,1
2024-12-16,P003,Food & Beverage,140.7,0,0
2024-12-17,P003,Food & Beverage,168.5,0,0
2024-12-18,P003,Food & Beverage,161.0,0,0
2024-12-19,P003,Food & Beverage,148.5,0,0
2024-12-20,P003,Food & Beverage,157.4,0,0
2024-12-21,P003,Food & Beverage,178.6,0,0
2024-12-22,P003,Food & Beverage,169.7,0,0
2024-12-23,P003,Food & Beverage,149.6,0,0
2024-12-24,P003,Food & Beverage,343.0,1,1
2024-12-25,P003,Food & Beverage,270.5,1,0
2024-12-26,P003,Food & Beverage,275.5,1,0
2024-12-27,P003,Food & Beverage,161.2,0,0
2024-12-28,P003,Food & Beverage,190.5,0,0
2024-12-29,P003,Food & Beverage,153.4,0,0
2024-12-30,P003,Food & Beverage,161.5,0,0
2024-12-31,P003,Food & Beverage,257.3,1,0
2022-01-01,P004,Home & Garden,69.9,1,0
2022-01-02,P004,Home & Garden,39.4,0,0
2022-01-03,P004,Home & Garden,32.4,0,0
2022-01-04,P004,Home & Garden,26.9,0,0
2022-01-05,P004,Home & Garden,24.5,0,0
2022-01-06,P004,Home & Garden,32.1,0,0
2022-01-07,P004,Home & Garden,32.2,0,0
2022-01-08,P004,Home & Garden,41.7,0,0
2022-01-09,P004,Home & Garden,40.3,0,0
2022-01-10,P004,Home & Garden,20.8,0,0
2022-01-11,P004,Home & Garden,23.3,0,0
2022-01-12,P004,Home & Garden,23.9,0,0
2022-01-13,P004,Home & Garden,21.1,0,0
2022-01-14,P004,Home & Garden,26.4,0,0
2022-01-15,P004,Home & Garden,40.8,0,0
2022-01-16,P004,Home & Garden,34.5,0,0
2022-01-17,P004,Home & Garden,39.8,1,0
2022-01-18,P004,Home & Garden,16.0,0,0
2022-01-19,P004,Home & Garden,27.1,0,0
2022-01-20,P004,Home & Garden,22.4,0,0
2022-01-21,P004,Home & Garden,22.7,0,0
2022-01-22,P004,Home & Garden,33.1,0,0
2022-01-23,P004,Home & Garden,26.6,0,0
2022-01-24,P004,Home & Garden,22.3,0,0
2022-01-25,P004,Home & Garden,17.4,0,0
2022-01-26,P004,Home & Garden,23.9,0,0
2022-01-27,P004,Home & Garden,20.6,0,0
2022-01-28,P004,Home & Garden,27.2,0,0
2022-01-29,P004,Home & Garden,32.8,0,0
2022-01-30,P004,Home & Garden,32.0,0,0
2022-01-31,P004,Home & Garden,18.1,0,0
2022-02-01,P004,Home & Garden,44.4,0,1
2022-02-02,P004,Home & Garden,18.9,0,0
2022-02-03,P004,Home & Garden,18.0,0,0
2022-02-04,P004,Home & Garden,27.0,0,0
2022-02-05,P004,Home & Garden,27.4,0,0
2022-02-06,P004,Home & Garden,27.7,0,0
2022-02-07,P004,Home & Garden,14.4,0,0
2022-02-08,P004,Home & Garden,16.6,0,0
2022-02-09,P004,Home & Garden,15.0,0,0
2022-02-10,P004,Home & Garden,18.4,0,0
2022-02-11,P004,Home & Garden,19.1,0,0
2022-02-12,P004,Home & Garden,24.1,0,0
2022-02-13,P004,Home & Garden,26.6,0,0
2022-02-14,P004,Home & Garden,9.8,0,0
2022-02-15,P004,Home & Garden,8.8,0,0
2022-02-16,P004,Home & Garden,15.9,0,0
2022-02-17,P004,Home & Garden,18.2,0,0
2022-02-18,P004,Home & Garden,20.6,0,0
2022-02-19,P004,Home & Garden,30.3,0,0
2022-02-20,P004,Home & Garden,19.8,0,0
2022-02-21,P004,Home & Garden,32.4,1,0
2022-02-22,P004,Home & Garden,20.2,0,0
2022-02-23,P004,Home & Garden,11.8,0,0
2022-02-24,P004,Home & Garden,43.8,0,1
2022-02-25,P004,Home & Garden,16.5,0,0
2022-02-26,P004,Home & Garden,28.6,0,0
2022-02-27,P004,Home & Garden,23.9,0,0
2022-02-28,P004,Home & Garden,14.5,0,0
2022-03-01,P004,Home & Garden,14.4,0,0
2022-03-02,P004,Home & Garden,13.8,0,0
2022-03-03,P004,Home & Garden,38.7,0,1
2022-03-04,P004,Home & Garden,19.8,0,0
2022-03-05,P004,Home & Garden,50.4,0,1
2022-03-06,P004,Home & Garden,27.7,0,0
2022-03-07,P004,Home & Garden,21.6,0,0
2022-03-08,P004,Home & Garden,18.9,0,0
2022-03-09,P004,Home & Garden,18.2,0,0
2022-03-10,P004,Home & Garden,16.9,0,0
2022-03-11,P004,Home & Garden,13.5,0,0
2022-03-12,P004,Home & Garden,25.2,0,0
2022-03-13,P004,Home & Garden,31.3,0,0
2022-03-14,P004,Home & Garden,11.7,0,0
2022-03-15,P004,Home & Garden,13.4,0,0
2022-03-16,P004,Home & Garden,16.5,0,0
2022-03-17,P004,Home & Garden,40.6,0,1
2022-03-18,P004,Home & Garden,17.1,0,0
2022-03-19,P004,Home & Garden,30.7,0,0
2022-03-20,P004,Home & Garden,25.8,0,0
2022-03-21,P004,Home & Garden,13.3,0,0
2022-03-22,P004,Home & Garden,14.6,0,0
2022-03-23,P004,Home & Garden,20.3,0,0
2022-03-24,P004,Home & Garden,19.3,0,0
2022-03-25,P004,Home & Garden,22.2,0,0
2022-03-26,P004,Home & Garden,34.5,0,0
2022-03-27,P004,Home & Garden,30.1,0,0
2022-03-28,P004,Home & Garden,16.7,0,0
2022-03-29,P004,Home & Garden,20.7,0,0
2022-03-30,P004,Home & Garden,22.8,0,0
2022-03-31,P004,Home & Garden,47.3,0,1
2022-04-01,P004,Home & Garden,25.2,0,0
2022-04-02,P004,Home & Garden,32.4,0,0
2022-04-03,P004,Home & Garden,30.1,0,0
2022-04-04,P004,Home & Garden,22.5,0,0
2022-04-05,P004,Home & Garden,23.0,0,0
2022-04-06,P004,Home & Garden,24.7,0,0
2022-04-07,P004,Home & Garden,25.7,0,0
2022-04-08,P004,Home & Garden,27.7,0,0
2022-04-09,P004,Home & Garden,39.8,0,0
2022-04-10,P004,Home & Garden,38.6,0,0
2022-04-11,P004,Home & Garden,25.8,0,0
2022-04-12,P004,Home & Garden,24.2,0,0
2022-04-13,P004,Home & Garden,30.6,0,0
2022-04-14,P004,Home & Garden,28.5,0,0
2022-04-15,P004,Home & Garden,32.7,0,0
2022-04-16,P004,Home & Garden,41.6,0,0
2022-04-17,P004,Home & Garden,39.6,0,0
2022-04-18,P004,Home & Garden,23.7,0,0
2022-04-19,P004,Home & Garden,55.6,0,1
2022-04-20,P004,Home & Garden,38.5,0,0
2022-04-21,P004,Home & Garden,29.9,0,0
2022-04-22,P004,Home & Garden,34.3,0,0
2022-04-23,P004,Home & Garden,42.7,0,0
2022-04-24,P004,Home & Garden,40.7,0,0
2022-04-25,P004,Home & Garden,34.5,0,0
2022-04-26,P004,Home & Garden,29.2,0,0
2022-04-27,P004,Home & Garden,31.5,0,0
2022-04-28,P004,Home & Garden,29.7,0,0
2022-04-29,P004,Home & Garden,35.3,0,0
2022-04-30,P004,Home & Garden,68.0,0,1
2022-05-01,P004,Home & Garden,48.1,0,0
2022-05-02,P004,Home & Garden,42.4,0,0
2022-05-03,P004,Home & Garden,34.0,0,0
2022-05-04,P004,Home & Garden,31.6,0,0
2022-05-05,P004,Home & Garden,41.6,0,0
2022-05-06,P004,Home & Garden,39.4,0,0
2022-05-07,P004,Home & Garden,56.0,0,0
2022-05-08,P004,Home & Garden,49.2,0,0
2022-05-09,P004,Home & Garden,35.4,0,0
2022-05-10,P004,Home & Garden,38.7,0,0
2022-05-11,P004,Home & Garden,43.5,0,0
2022-05-12,P004,Home & Garden,42.1,0,0
2022-05-13,P004,Home & Garden,44.3,0,0
2022-05-14,P004,Home & Garden,55.4,0,0
2022-05-15,P004,Home & Garden,50.2,0,0
2022-05-16,P004,Home & Garden,43.0,0,0
2022-05-17,P004,Home & Garden,37.8,0,0
2022-05-18,P004,Home & Garden,43.9,0,0
2022-05-19,P004,Home & Garden,49.6,0,0
2022-05-20,P004,Home & Garden,51.1,0,0
2022-05-21,P004,Home & Garden,62.3,0,0
2022-05-22,P004,Home & Garden,58.4,0,0
2022-05-23,P004,Home & Garden,49.8,0,0
2022-05-24,P004,Home & Garden,50.8,0,0
2022-05-25,P004,Home & Garden,51.1,0,0
2022-05-26,P004,Home & Garden,54.5,0,0
2022-05-27,P004,Home & Garden,82.6,0,1
2022-05-28,P004,Home & Garden,63.4,0,0
2022-05-29,P004,Home & Garden,58.7,0,0
2022-05-30,P004,Home & Garden,75.8,1,0
2022-05-31,P004,Home & Garden,54.0,0,0
2022-06-01,P004,Home & Garden,57.6,0,0
2022-06-02,P004,Home & Garden,53.0,0,0
2022-06-03,P004,Home & Garden,56.1,0,0
2022-06-04,P004,Home & Garden,70.7,0,0
2022-06-05,P004,Home & Garden,67.2,0,0
2022-06-06,P004,Home & Garden,48.9,0,0
2022-06-07,P004,Home & Garden,57.9,0,0
2022-06-08,P004,Home & Garden,52.6,0,0
2022-06-09,P004,Home & Garden,57.3,0,0
2022-06-10,P004,Home & Garden,67.7,0,0
2022-06-11,P004,Home & Garden,79.4,0,0
2022-06-12,P004,Home & Garden,67.9,0,0
2022-06-13,P004,Home & Garden,58.2,0,0
2022-06-14,P004,Home & Garden,61.2,0,0
2022-06-15,P004,Home & Garden,68.6,0,0
2022-06-16,P004,Home & Garden,63.1,0,0
2022-06-17,P004,Home & Garden,66.2,0,0
2022-06-18,P004,Home & Garden,82.8,0,0
2022-06-19,P004,Home & Garden,98.9,1,0
2022-06-20,P004,Home & Garden,91.4,0,1
2022-06-21,P004,Home & Garden,60.5,0,0
2022-06-22,P004,Home & Garden,66.5,0,0
2022-06-23,P004,Home & Garden,63.5,0,0
2022-06-24,P004,Home & Garden,68.4,0,0
2022-06-25,P004,Home & Garden,84.7,0,0
2022-06-26,P004,Home & Garden,80.0,0,0
2022-06-27,P004,Home & Garden,66.5,0,0
2022-06-28,P004,Home & Garden,66.9,0,0
2022-06-29,P004,Home & Garden,70.3,0,0
2022-06-30,P004,Home & Garden,73.8,0,0
2022-07-01,P004,Home & Garden,78.9,0,0
2022-07-02,P004,Home & Garden,77.5,0,0
2022-07-03,P004,Home & Garden,81.4,0,0
2022-07-04,P004,Home & Garden,95.9,1,0
2022-07-05,P004,Home & Garden,98.4,0,1
2022-07-06,P004,Home & Garden,76.1,0,0
2022-07-07,P004,Home & Garden,77.4,0,0
2022-07-08,P004,Home & Garden,78.4,0,0
2022-07-09,P004,Home & Garden,87.8,0,0
2022-07-10,P004,Home & Garden,86.8,0,0
2022-07-11,P004,Home & Garden,78.6,0,0
2022-07-12,P004,Home & Garden,74.2,0,0
2022-07-13,P004,Home & Garden,103.6,0,1
2022-07-14,P004,Home & Garden,80.5,0,0
2022-07-15,P004,Home & Garden,87.8,0,0
2022-07-16,P004,Home & Garden,91.8,0,0
2022-07-17,P004,Home & Garden,93.9,0,0
2022-07-18,P004,Home & Garden,82.0,0,0
2022-07-19,P004,Home & Garden,79.5,0,0
2022-07-20,P004,Home & Garden,80.7,0,0
2022-07-21,P004,Home & Garden,81.9,0,0
2022-07-22,P004,Home & Garden,84.9,0,0
2022-07-23,P004,Home & Garden,98.5,0,0
2022-07-24,P004,Home & Garden,94.5,0,0
2022-07-25,P004,Home & Garden,81.7,0,0
2022-07-26,P004,Home & Garden,78.9,0,0
2022-07-27,P004,Home & Garden,106.5,0,1
2022-07-28,P004,Home & Garden,92.4,0,0
2022-07-29,P004,Home & Garden,87.8,0,0
2022-07-30,P004,Home & Garden,121.4,0,1
2022-07-31,P004,Home & Garden,100.8,0,0
2022-08-01,P004,Home & Garden,84.2,0,0
2022-08-02,P004,Home & Garden,112.3,0,1
2022-08-03,P004,Home & Garden,85.9,0,0
2022-08-04,P004,Home & Garden,86.8,0,0
2022-08-05,P004,Home & Garden,89.9,0,0
2022-08-06,P004,Home & Garden,121.5,0,1
2022-08-07,P004,Home & Garden,97.9,0,0
2022-08-08,P004,Home & Garden,86.2,0,0
2022-08-09,P004,Home & Garden,92.6,0,0
2022-08-10,P004,Home & Garden,88.4,0,0
2022-08-11,P004,Home & Garden,82.1,0,0
2022-08-12,P004,Home & Garden,91.9,0,0
2022-08-13,P004,Home & Garden,136.3,0,1
2022-08-14,P004,Home & Garden,102.5,0,0
2022-08-15,P004,Home & Garden,84.1,0,0
2022-08-16,P004,Home & Garden,90.0,0,0
2022-08-17,P004,Home & Garden,87.1,0,0
2022-08-18,P004,Home & Garden,86.5,0,0
2022-08-19,P004,Home & Garden,117.8,0,1
2022-08-20,P004,Home & Garden,129.0,0,1
2022-08-21,P004,Home & Garden,94.8,0,0
2022-08-22,P004,Home & Garden,84.0,0,0
2022-08-23,P004,Home & Garden,89.1,0,0
2022-08-24,P004,Home & Garden,89.0,0,0
2022-08-25,P004,Home & Garden,92.8,0,0
2022-08-26,P004,Home & Garden,90.2,0,0
2022-08-27,P004,Home & Garden,106.0,0,0
2022-08-28,P004,Home & Garden,123.2,0,1
2022-08-29,P004,Home & Garden,93.5,0,0
2022-08-30,P004,Home & Garden,83.9,0,0
2022-08-31,P004,Home & Garden,87.1,0,0
2022-09-01,P004,Home & Garden,93.2,0,0
2022-09-02,P004,Home & Garden,99.6,0,0
2022-09-03,P004,Home & Garden,104.8,0,0
2022-09-04,P004,Home & Garden,103.2,0,0
2022-09-05,P004,Home & Garden,112.2,1,0
2022-09-06,P004,Home & Garden,86.0,0,0
2022-09-07,P004,Home & Garden,88.9,0,0
2022-09-08,P004,Home & Garden,113.3,0,1
2022-09-09,P004,Home & Garden,89.8,0,0
2022-09-10,P004,Home & Garden,104.7,0,0
2022-09-11,P004,Home & Garden,97.4,0,0
2022-09-12,P004,Home & Garden,88.7,0,0
2022-09-13,P004,Home & Garden,84.6,0,0
2022-09-14,P004,Home & Garden,90.7,0,0
2022-09-15,P004,Home & Garden,89.3,0,0
2022-09-16,P004,Home & Garden,97.6,0,0
2022-09-17,P004,Home & Garden,103.6,0,0
2022-09-18,P004,Home & Garden,104.0,0,0
2022-09-19,P004,Home & Garden,109.8,0,1
2022-09-20,P004,Home & Garden,113.4,0,1
2022-09-21,P004,Home & Garden,85.5,0,0
2022-09-22,P004,Home & Garden,88.3,0,0
2022-09-23,P004,Home & Garden,91.0,0,0
2022-09-24,P004,Home & Garden,98.9,0,0
2022-09-25,P004,Home & Garden,120.3,0,1
2022-09-26,P004,Home & Garden,80.6,0,0
2022-09-27,P004,Home & Garden,78.6,0,0
2022-09-28,P004,Home & Garden,83.6,0,0
2022-09-29,P004,Home & Garden,89.9,0,0
2022-09-30,P004,Home & Garden,84.9,0,0
2022-10-01,P004,Home & Garden,120.6,0,1
2022-10-02,P004,Home & Garden,102.4,0,0
2022-10-03,P004,Home & Garden,81.1,0,0
2022-10-04,P004,Home & Garden,85.1,0,0
2022-10-05,P004,Home & Garden,87.0,0,0
2022-10-06,P004,Home & Garden,87.9,0,0
2022-10-07,P004,Home & Garden,83.0,0,0
2022-10-08,P004,Home & Garden,96.4,0,0
2022-10-09,P004,Home & Garden,89.2,0,0
2022-10-10,P004,Home & Garden,112.6,1,0
2022-10-11,P004,Home & Garden,76.5,0,0
2022-10-12,P004,Home & Garden,79.1,0,0
2022-10-13,P004,Home & Garden,79.9,0,0
2022-10-14,P004,Home & Garden,80.5,0,0
2022-10-15,P004,Home & Garden,98.8,0,0
2022-10-16,P004,Home & Garden,125.0,0,1
2022-10-17,P004,Home & Garden,76.5,0,0
2022-10-18,P004,Home & Garden,74.6,0,0
2022-10-19,P004,Home & Garden,72.4,0,0
2022-10-20,P004,Home & Garden,79.6,0,0
2022-10-21,P004,Home & Garden,106.9,0,1
2022-10-22,P004,Home & Garden,89.4,0,0
2022-10-23,P004,Home & Garden,89.3,0,0
2022-10-24,P004,Home & Garden,76.2,0,0
2022-10-25,P004,Home & Garden,76.7,0,0
2022-10-26,P004,Home & Garden,75.4,0,0
2022-10-27,P004,Home & Garden,73.6,0,0
2022-10-28,P004,Home & Garden,81.2,0,0
2022-10-29,P004,Home & Garden,88.2,0,0
2022-10-30,P004,Home & Garden,88.1,0,0
2022-10-31,P004,Home & Garden,74.1,0,0
2022-11-01,P004,Home & Garden,91.7,1,0
2022-11-02,P004,Home & Garden,68.4,0,0
2022-11-03,P004,Home & Garden,71.2,0,0
2022-11-04,P004,Home & Garden,72.2,0,0
2022-11-05,P004,Home & Garden,87.0,0,0
2022-11-06,P004,Home & Garden,82.8,0,0
2022-11-07,P004,Home & Garden,71.5,0,0
2022-11-08,P004,Home & Garden,69.9,0,0
2022-11-09,P004,Home & Garden,70.0,0,0
2022-11-10,P004,Home & Garden,73.8,0,0
2022-11-11,P004,Home & Garden,122.9,1,1
2022-11-12,P004,Home & Garden,81.1,0,0
2022-11-13,P004,Home & Garden,108.2,0,1
2022-11-14,P004,Home & Garden,64.5,0,0
2022-11-15,P004,Home & Garden,63.8,0,0
2022-11-16,P004,Home & Garden,62.8,0,0
2022-11-17,P004,Home & Garden,68.3,0,0
2022-11-18,P004,Home & Garden,71.9,0,0
2022-11-19,P004,Home & Garden,76.8,0,0
2022-11-20,P004,Home & Garden,78.2,0,0
2022-11-21,P004,Home & Garden,53.9,0,0
2022-11-22,P004,Home & Garden,60.7,0,0
2022-11-23,P004,Home & Garden,61.4,0,0
2022-11-24,P004,Home & Garden,83.8,1,0
2022-11-25,P004,Home & Garden,131.6,1,0
2022-11-26,P004,Home & Garden,72.8,0,0
2022-11-27,P004,Home & Garden,94.3,0,1
2022-11-28,P004,Home & Garden,56.3,0,0
2022-11-29,P004,Home & Garden,50.4,0,0
2022-11-30,P004,Home & Garden,55.1,0,0
2022-12-01,P004,Home & Garden,61.3,0,0
2022-12-02,P004,Home & Garden,57.9,0,0
2022-12-03,P004,Home & Garden,66.3,0,0
2022-12-04,P004,Home & Garden,70.2,0,0
2022-12-05,P004,Home & Garden,56.5,0,0
2022-12-06,P004,Home & Garden,54.5,0,0
2022-12-07,P004,Home & Garden,77.6,0,1
2022-12-08,P004,Home & Garden,53.4,0,0
2022-12-09,P004,Home & Garden,53.4,0,0
2022-12-10,P004,Home & Garden,61.8,0,0
2022-12-11,P004,Home & Garden,58.7,0,0
2022-12-12,P004,Home & Garden,71.9,0,1
2022-12-13,P004,Home & Garden,45.6,0,0
2022-12-14,P004,Home & Garden,44.6,0,0
2022-12-15,P004,Home & Garden,50.9,0,0
2022-12-16,P004,Home & Garden,52.8,0,0
2022-12-17,P004,Home & Garden,66.6,0,0
2022-12-18,P004,Home & Garden,56.1,0,0
2022-12-19,P004,Home & Garden,45.4,0,0
2022-12-20,P004,Home & Garden,46.1,0,0
2022-12-21,P004,Home & Garden,45.0,0,0
2022-12-22,P004,Home & Garden,48.9,0,0
2022-12-23,P004,Home & Garden,50.8,0,0
2022-12-24,P004,Home & Garden,82.5,1,0
2022-12-25,P004,Home & Garden,77.7,1,0
2022-12-26,P004,Home & Garden,63.7,1,0
2022-12-27,P004,Home & Garden,37.1,0,0
2022-12-28,P004,Home & Garden,39.6,0,0
2022-12-29,P004,Home & Garden,40.9,0,0
2022-12-30,P004,Home & Garden,41.2,0,0
2022-12-31,P004,Home & Garden,79.4,1,0
2023-01-01,P004,Home & Garden,78.9,1,0
2023-01-02,P004,Home & Garden,34.5,0,0
2023-01-03,P004,Home & Garden,39.0,0,0
2023-01-04,P004,Home & Garden,35.6,0,0
2023-01-05,P004,Home & Garden,64.2,0,1
2023-01-06,P004,Home & Garden,39.4,0,0
2023-01-07,P004,Home & Garden,78.2,0,1
2023-01-08,P004,Home & Garden,45.7,0,0
2023-01-09,P004,Home & Garden,37.5,0,0
2023-01-10,P004,Home & Garden,34.3,0,0
2023-01-11,P004,Home & Garden,33.7,0,0
2023-01-12,P004,Home & Garden,32.6,0,0
2023-01-13,P004,Home & Garden,39.4,0,0
2023-01-14,P004,Home & Garden,50.7,0,0
2023-01-15,P004,Home & Garden,45.9,0,0
2023-01-16,P004,Home & Garden,38.6,0,0
2023-01-17,P004,Home & Garden,60.9,1,0
2023-01-18,P004,Home & Garden,32.1,0,0
2023-01-19,P004,Home & Garden,33.0,0,0
2023-01-20,P004,Home & Garden,37.5,0,0
2023-01-21,P004,Home & Garden,42.6,0,0
2023-01-22,P004,Home & Garden,46.3,0,0
2023-01-23,P004,Home & Garden,30.2,0,0
2023-01-24,P004,Home & Garden,30.7,0,0
2023-01-25,P004,Home & Garden,33.0,0,0
2023-01-26,P004,Home & Garden,37.2,0,0
2023-01-27,P004,Home & Garden,34.4,0,0
2023-01-28,P004,Home & Garden,42.8,0,0
2023-01-29,P004,Home & Garden,45.3,0,0
2023-01-30,P004,Home & Garden,30.1,0,0
2023-01-31,P004,Home & Garden,26.9,0,0
2023-02-01,P004,Home & Garden,28.9,0,0
2023-02-02,P004,Home & Garden,30.5,0,0
2023-02-03,P004,Home & Garden,33.2,0,0
2023-02-04,P004,Home & Garden,37.1,0,0
2023-02-05,P004,Home & Garden,33.9,0,0
2023-02-06,P004,Home & Garden,22.6,0,0
2023-02-07,P004,Home & Garden,23.4,0,0
2023-02-08,P004,Home & Garden,25.4,0,0
2023-02-09,P004,Home & Garden,30.6,0,0
2023-02-10,P004,Home & Garden,30.2,0,0
2023-02-11,P004,Home & Garden,40.9,0,0
2023-02-12,P004,Home & Garden,59.4,0,1
2023-02-13,P004,Home & Garden,22.9,0,0
2023-02-14,P004,Home & Garden,27.3,0,0
2023-02-15,P004,Home & Garden,28.4,0,0
2023-02-16,P004,Home & Garden,50.9,0,1
2023-02-17,P004,Home & Garden,30.5,0,0
2023-02-18,P004,Home & Garden,46.5,0,0
2023-02-19,P004,Home & Garden,37.0,0,0
2023-02-20,P004,Home & Garden,21.5,0,0
2023-02-21,P004,Home & Garden,48.4,1,0
2023-02-22,P004,Home & Garden,26.4,0,0
2023-02-23,P004,Home & Garden,26.8,0,0
2023-02-24,P004,Home & Garden,29.5,0,0
2023-02-25,P004,Home & Garden,34.6,0,0
2023-02-26,P004,Home & Garden,33.8,0,0
2023-02-27,P004,Home & Garden,23.2,0,0
2023-02-28,P004,Home & Garden,24.4,0,0
2023-03-01,P004,Home & Garden,24.3,0,0
2023-03-02,P004,Home & Garden,26.8,0,0
2023-03-03,P004,Home & Garden,30.0,0,0
2023-03-04,P004,Home & Garden,67.9,0,1
2023-03-05,P004,Home & Garden,62.5,0,1
2023-03-06,P004,Home & Garden,25.3,0,0
2023-03-07,P004,Home & Garden,23.6,0,0
2023-03-08,P004,Home & Garden,28.5,0,0
2023-03-09,P004,Home & Garden,29.2,0,0
2023-03-10,P004,Home & Garden,33.3,0,0
2023-03-11,P004,Home & Garden,42.6,0,0
2023-03-12,P004,Home & Garden,39.9,0,0
2023-03-13,P004,Home & Garden,24.7,0,0
2023-03-14,P004,Home & Garden,27.1,0,0
2023-03-15,P004,Home & Garden,31.1,0,0
2023-03-16,P004,Home & Garden,27.0,0,0
2023-03-17,P004,Home & Garden,29.7,0,0
2023-03-18,P004,Home & Garden,42.1,0,0
2023-03-19,P004,Home & Garden,40.7,0,0
2023-03-20,P004,Home & Garden,23.8,0,0
2023-03-21,P004,Home & Garden,27.6,0,0
2023-03-22,P004,Home & Garden,29.0,0,0
2023-03-23,P004,Home & Garden,23.7,0,0
2023-03-24,P004,Home & Garden,32.7,0,0
2023-03-25,P004,Home & Garden,42.8,0,0
2023-03-26,P004,Home & Garden,66.3,0,1
2023-03-27,P004,Home & Garden,32.8,0,0
2023-03-28,P004,Home & Garden,25.9,0,0
2023-03-29,P004,Home & Garden,28.7,0,0
2023-03-30,P004,Home & Garden,24.5,0,0
2023-03-31,P004,Home & Garden,34.0,0,0
2023-04-01,P004,Home & Garden,44.2,0,0
2023-04-02,P004,Home & Garden,67.4,0,1
2023-04-03,P004,Home & Garden,34.2,0,0
2023-04-04,P004,Home & Garden,34.9,0,0
2023-04-05,P004,Home & Garden,59.6,0,1
2023-04-06,P004,Home & Garden,34.2,0,0
2023-04-07,P004,Home & Garden,67.0,0,1
2023-04-08,P004,Home & Garden,48.1,0,0
2023-04-09,P004,Home & Garden,43.5,0,0
2023-04-10,P004,Home & Garden,27.9,0,0
2023-04-11,P004,Home & Garden,33.6,0,0
2023-04-12,P004,Home & Garden,39.1,0,0
2023-04-13,P004,Home & Garden,45.6,0,0
2023-04-14,P004,Home & Garden,41.3,0,0
2023-04-15,P004,Home & Garden,48.7,0,0
2023-04-16,P004,Home & Garden,45.5,0,0
2023-04-17,P004,Home & Garden,38.3,0,0
2023-04-18,P004,Home & Garden,32.6,0,0
2023-04-19,P004,Home & Garden,41.6,0,0
2023-04-20,P004,Home & Garden,44.2,0,0
2023-04-21,P004,Home & Garden,45.9,0,0
2023-04-22,P004,Home & Garden,53.9,0,0
2023-04-23,P004,Home & Garden,54.5,0,0
2023-04-24,P004,Home & Garden,40.6,0,0
2023-04-25,P004,Home & Garden,39.2,0,0
2023-04-26,P004,Home & Garden,49.4,0,0
2023-04-27,P004,Home & Garden,44.1,0,0
2023-04-28,P004,Home & Garden,50.6,0,0
2023-04-29,P004,Home & Garden,50.5,0,0
2023-04-30,P004,Home & Garden,60.5,0,0
2023-05-01,P004,Home & Garden,48.5,0,0
2023-05-02,P004,Home & Garden,45.7,0,0
2023-05-03,P004,Home & Garden,74.7,0,1
2023-05-04,P004,Home & Garden,50.9,0,0
2023-05-05,P004,Home & Garden,50.0,0,0
2023-05-06,P004,Home & Garden,64.0,0,0
2023-05-07,P004,Home & Garden,57.8,0,0
2023-05-08,P004,Home & Garden,45.9,0,0
2023-05-09,P004,Home & Garden,53.2,0,0
2023-05-10,P004,Home & Garden,54.5,0,0
2023-05-11,P004,Home & Garden,50.9,0,0
2023-05-12,P004,Home & Garden,53.9,0,0
2023-05-13,P004,Home & Garden,64.3,0,0
2023-05-14,P004,Home & Garden,67.0,0,0
2023-05-15,P004,Home & Garden,48.8,0,0
2023-05-16,P004,Home & Garden,55.0,0,0
2023-05-17,P004,Home & Garden,58.1,0,0
2023-05-18,P004,Home & Garden,57.2,0,0
2023-05-19,P004,Home & Garden,63.7,0,0
2023-05-20,P004,Home & Garden,69.8,0,0
2023-05-21,P004,Home & Garden,68.3,0,0
2023-05-22,P004,Home & Garden,53.2,0,0
2023-05-23,P004,Home & Garden,61.5,0,0
2023-05-24,P004,Home & Garden,57.6,0,0
2023-05-25,P004,Home & Garden,63.0,0,0
2023-05-26,P004,Home & Garden,64.7,0,0
2023-05-27,P004,Home & Garden,71.8,0,0
2023-05-28,P004,Home & Garden,71.4,0,0
2023-05-29,P004,Home & Garden,65.2,0,0
2023-05-30,P004,Home & Garden,87.3,1,0
2023-05-31,P004,Home & Garden,61.2,0,0
2023-06-01,P004,Home & Garden,67.3,0,0
2023-06-02,P004,Home & Garden,68.8,0,0
2023-06-03,P004,Home & Garden,116.2,0,1
2023-06-04,P004,Home & Garden,78.7,0,0
2023-06-05,P004,Home & Garden,64.0,0,0
2023-06-06,P004,Home & Garden,71.6,0,0
2023-06-07,P004,Home & Garden,63.0,0,0
2023-06-08,P004,Home & Garden,71.0,0,0
2023-06-09,P004,Home & Garden,80.1,0,0
2023-06-10,P004,Home & Garden,109.2,0,1
2023-06-11,P004,Home & Garden,76.6,0,0
2023-06-12,P004,Home & Garden,68.3,0,0
2023-06-13,P004,Home & Garden,76.0,0,0
2023-06-14,P004,Home & Garden,74.4,0,0
2023-06-15,P004,Home & Garden,97.9,0,1
2023-06-16,P004,Home & Garden,75.8,0,0
2023-06-17,P004,Home & Garden,86.4,0,0
2023-06-18,P004,Home & Garden,87.6,0,0
2023-06-19,P004,Home & Garden,102.1,1,0
2023-06-20,P004,Home & Garden,79.0,0,0
2023-06-21,P004,Home & Garden,78.9,0,0
2023-06-22,P004,Home & Garden,74.9,0,0
2023-06-23,P004,Home & Garden,77.9,0,0
2023-06-24,P004,Home & Garden,119.7,0,1
2023-06-25,P004,Home & Garden,86.2,0,0
2023-06-26,P004,Home & Garden,77.2,0,0
2023-06-27,P004,Home & Garden,80.7,0,0
2023-06-28,P004,Home & Garden,77.8,0,0
2023-06-29,P004,Home & Garden,79.9,0,0
2023-06-30,P004,Home & Garden,85.9,0,0
2023-07-01,P004,Home & Garden,97.9,0,0
2023-07-02,P004,Home & Garden,97.8,0,0
2023-07-03,P004,Home & Garden,83.7,0,0
2023-07-04,P004,Home & Garden,107.7,1,0
2023-07-05,P004,Home & Garden,82.8,0,0
2023-07-06,P004,Home & Garden,83.5,0,0
2023-07-07,P004,Home & Garden,88.2,0,0
2023-07-08,P004,Home & Garden,101.3,0,0
2023-07-09,P004,Home & Garden,99.1,0,0
2023-07-10,P004,Home & Garden,78.6,0,0
2023-07-11,P004,Home & Garden,110.1,0,1
2023-07-12,P004,Home & Garden,92.6,0,0
2023-07-13,P004,Home & Garden,90.6,0,0
2023-07-14,P004,Home & Garden,88.7,0,0
2023-07-15,P004,Home & Garden,110.8,0,0
2023-07-16,P004,Home & Garden,101.3,0,0
2023-07-17,P004,Home & Garden,89.8,0,0
2023-07-18,P004,Home & Garden,91.5,0,0
2023-07-19,P004,Home & Garden,90.7,0,0
2023-07-20,P004,Home & Garden,91.2,0,0
2023-07-21,P004,Home & Garden,103.1,0,0
2023-07-22,P004,Home & Garden,109.5,0,0
2023-07-23,P004,Home & Garden,132.5,0,1
2023-07-24,P004,Home & Garden,93.3,0,0
2023-07-25,P004,Home & Garden,89.8,0,0
2023-07-26,P004,Home & Garden,98.7,0,0
2023-07-27,P004,Home & Garden,93.5,0,0
2023-07-28,P004,Home & Garden,99.8,0,0
2023-07-29,P004,Home & Garden,103.6,0,0
2023-07-30,P004,Home & Garden,100.3,0,0
2023-07-31,P004,Home & Garden,95.0,0,0
2023-08-01,P004,Home & Garden,118.5,0,1
2023-08-02,P004,Home & Garden,90.6,0,0
2023-08-03,P004,Home & Garden,125.8,0,1
2023-08-04,P004,Home & Garden,107.9,0,0
2023-08-05,P004,Home & Garden,115.5,0,0
2023-08-06,P004,Home & Garden,108.1,0,0
2023-08-07,P004,Home & Garden,96.0,0,0
2023-08-08,P004,Home & Garden,100.2,0,0
2023-08-09,P004,Home & Garden,102.4,0,0
2023-08-10,P004,Home & Garden,99.2,0,0
2023-08-11,P004,Home & Garden,128.6,0,1
2023-08-12,P004,Home & Garden,113.7,0,0
2023-08-13,P004,Home & Garden,112.3,0,0
2023-08-14,P004,Home & Garden,97.1,0,0
2023-08-15,P004,Home & Garden,98.5,0,0
2023-08-16,P004,Home & Garden,104.7,0,0
2023-08-17,P004,Home & Garden,105.5,0,0
2023-08-18,P004,Home & Garden,105.7,0,0
2023-08-19,P004,Home & Garden,119.4,0,0
2023-08-20,P004,Home & Garden,110.4,0,0
2023-08-21,P004,Home & Garden,103.8,0,0
2023-08-22,P004,Home & Garden,101.6,0,0
2023-08-23,P004,Home & Garden,111.6,0,0
2023-08-24,P004,Home & Garden,98.6,0,0
2023-08-25,P004,Home & Garden,102.7,0,0
2023-08-26,P004,Home & Garden,115.9,0,0
2023-08-27,P004,Home & Garden,113.5,0,0
2023-08-28,P004,Home & Garden,105.4,0,0
2023-08-29,P004,Home & Garden,98.2,0,0
2023-08-30,P004,Home & Garden,104.5,0,0
2023-08-31,P004,Home & Garden,132.1,0,1
2023-09-01,P004,Home & Garden,107.5,0,0
2023-09-02,P004,Home & Garden,111.7,0,0
2023-09-03,P004,Home & Garden,116.9,0,0
2023-09-04,P004,Home & Garden,103.1,0,0
2023-09-05,P004,Home & Garden,126.2,1,0
2023-09-06,P004,Home & Garden,102.1,0,0
2023-09-07,P004,Home & Garden,103.3,0,0
2023-09-08,P004,Home & Garden,130.3,0,1
2023-09-09,P004,Home & Garden,116.5,0,0
2023-09-10,P004,Home & Garden,112.1,0,0
2023-09-11,P004,Home & Garden,96.0,0,0
2023-09-12,P004,Home & Garden,96.4,0,0
2023-09-13,P004,Home & Garden,98.5,0,0
2023-09-14,P004,Home & Garden,102.7,0,0
2023-09-15,P004,Home & Garden,104.1,0,0
2023-09-16,P004,Home & Garden,114.4,0,0
2023-09-17,P004,Home & Garden,112.7,0,0
2023-09-18,P004,Home & Garden,95.7,0,0
2023-09-19,P004,Home & Garden,103.5,0,0
2023-09-20,P004,Home & Garden,98.9,0,0
2023-09-21,P004,Home & Garden,99.4,0,0
2023-09-22,P004,Home & Garden,104.5,0,0
2023-09-23,P004,Home & Garden,106.5,0,0
2023-09-24,P004,Home & Garden,107.2,0,0
2023-09-25,P004,Home & Garden,99.5,0,0
2023-09-26,P004,Home & Garden,91.7,0,0
2023-09-27,P004,Home & Garden,101.8,0,0
2023-09-28,P004,Home & Garden,104.0,0,0
2023-09-29,P004,Home & Garden,100.1,0,0
2023-09-30,P004,Home & Garden,111.5,0,0
2023-10-01,P004,Home & Garden,111.5,0,0
2023-10-02,P004,Home & Garden,92.9,0,0
2023-10-03,P004,Home & Garden,98.1,0,0
2023-10-04,P004,Home & Garden,94.1,0,0
2023-10-05,P004,Home & Garden,95.6,0,0
2023-10-06,P004,Home & Garden,96.6,0,0
2023-10-07,P004,Home & Garden,109.5,0,0
2023-10-08,P004,Home & Garden,109.4,0,0
2023-10-09,P004,Home & Garden,91.5,0,0
2023-10-10,P004,Home & Garden,112.9,1,0
2023-10-11,P004,Home & Garden,90.3,0,0
2023-10-12,P004,Home & Garden,95.9,0,0
2023-10-13,P004,Home & Garden,102.5,0,0
2023-10-14,P004,Home & Garden,107.1,0,0
2023-10-15,P004,Home & Garden,101.8,0,0
2023-10-16,P004,Home & Garden,91.9,0,0
2023-10-17,P004,Home & Garden,89.4,0,0
2023-10-18,P004,Home & Garden,115.4,0,1
2023-10-19,P004,Home & Garden,88.7,0,0
2023-10-20,P004,Home & Garden,98.2,0,0
2023-10-21,P004,Home & Garden,94.7,0,0
2023-10-22,P004,Home & Garden,102.6,0,0
2023-10-23,P004,Home & Garden,84.9,0,0
2023-10-24,P004,Home & Garden,85.8,0,0
2023-10-25,P004,Home & Garden,93.3,0,0
2023-10-26,P004,Home & Garden,86.3,0,0
2023-10-27,P004,Home & Garden,88.3,0,0
2023-10-28,P004,Home & Garden,99.2,0,0
2023-10-29,P004,Home & Garden,98.0,0,0
2023-10-30,P004,Home & Garden,81.6,0,0
2023-10-31,P004,Home & Garden,78.7,0,0
2023-11-01,P004,Home & Garden,105.7,1,0
2023-11-02,P004,Home & Garden,89.2,0,0
2023-11-03,P004,Home & Garden,87.2,0,0
2023-11-04,P004,Home & Garden,97.5,0,0
2023-11-05,P004,Home & Garden,117.9,0,1
2023-11-06,P004,Home & Garden,77.3,0,0
2023-11-07,P004,Home & Garden,85.5,0,0
2023-11-08,P004,Home & Garden,105.8,0,1
2023-11-09,P004,Home & Garden,80.0,0,0
2023-11-10,P004,Home & Garden,86.8,0,0
2023-11-11,P004,Home & Garden,114.0,1,0
2023-11-12,P004,Home & Garden,87.5,0,0
2023-11-13,P004,Home & Garden,75.7,0,0
2023-11-14,P004,Home & Garden,76.3,0,0
2023-11-15,P004,Home & Garden,77.8,0,0
2023-11-16,P004,Home & Garden,109.9,0,1
2023-11-17,P004,Home & Garden,80.5,0,0
2023-11-18,P004,Home & Garden,80.9,0,0
2023-11-19,P004,Home & Garden,86.6,0,0
2023-11-20,P004,Home & Garden,71.9,0,0
2023-11-21,P004,Home & Garden,72.5,0,0
2023-11-22,P004,Home & Garden,99.4,0,1
2023-11-23,P004,Home & Garden,73.5,0,0
2023-11-24,P004,Home & Garden,135.3,1,0
2023-11-25,P004,Home & Garden,110.5,1,0
2023-11-26,P004,Home & Garden,79.8,0,0
2023-11-27,P004,Home & Garden,64.7,0,0
2023-11-28,P004,Home & Garden,78.1,0,0
2023-11-29,P004,Home & Garden,66.7,0,0
2023-11-30,P004,Home & Garden,70.0,0,0
2023-12-01,P004,Home & Garden,66.7,0,0
2023-12-02,P004,Home & Garden,80.9,0,0
2023-12-03,P004,Home & Garden,74.5,0,0
2023-12-04,P004,Home & Garden,62.3,0,0
2023-12-05,P004,Home & Garden,67.7,0,0
2023-12-06,P004,Home & Garden,66.5,0,0
2023-12-07,P004,Home & Garden,67.5,0,0
2023-12-08,P004,Home & Garden,61.8,0,0
2023-12-09,P004,Home & Garden,108.0,0,1
2023-12-10,P004,Home & Garden,69.7,0,0
2023-12-11,P004,Home & Garden,64.7,0,0
2023-12-12,P004,Home & Garden,63.7,0,0
2023-12-13,P004,Home & Garden,62.9,0,0
2023-12-14,P004,Home & Garden,59.0,0,0
2023-12-15,P004,Home & Garden,64.1,0,0
2023-12-16,P004,Home & Garden,71.1,0,0
2023-12-17,P004,Home & Garden,69.8,0,0
2023-12-18,P004,Home & Garden,55.2,0,0
2023-12-19,P004,Home & Garden,50.1,0,0
2023-12-20,P004,Home & Garden,60.9,0,0
2023-12-21,P004,Home & Garden,57.7,0,0
2023-12-22,P004,Home & Garden,58.3,0,0
2023-12-23,P004,Home & Garden,67.1,0,0
2023-12-24,P004,Home & Garden,91.1,1,0
2023-12-25,P004,Home & Garden,73.4,1,0
2023-12-26,P004,Home & Garden,69.7,1,0
2023-12-27,P004,Home & Garden,55.0,0,0
2023-12-28,P004,Home & Garden,56.0,0,0
2023-12-29,P004,Home & Garden,81.2,0,1
2023-12-30,P004,Home & Garden,61.7,0,0
2023-12-31,P004,Home & Garden,86.8,1,0
2024-01-01,P004,Home & Garden,68.1,1,0
2024-01-02,P004,Home & Garden,46.3,0,0
2024-01-03,P004,Home & Garden,47.9,0,0
2024-01-04,P004,Home & Garden,53.7,0,0
2024-01-05,P004,Home & Garden,51.8,0,0
2024-01-06,P004,Home & Garden,60.7,0,0
2024-01-07,P004,Home & Garden,65.5,0,0
2024-01-08,P004,Home & Garden,46.8,0,0
2024-01-09,P004,Home & Garden,47.5,0,0
2024-01-10,P004,Home & Garden,46.0,0,0
2024-01-11,P004,Home & Garden,71.7,0,1
2024-01-12,P004,Home & Garden,43.0,0,0
2024-01-13,P004,Home & Garden,62.3,0,0
2024-01-14,P004,Home & Garden,57.8,0,0
2024-01-15,P004,Home & Garden,42.2,0,0
2024-01-16,P004,Home & Garden,68.8,0,1
2024-01-17,P004,Home & Garden,70.8,1,0
2024-01-18,P004,Home & Garden,40.3,0,0
2024-01-19,P004,Home & Garden,45.4,0,0
2024-01-20,P004,Home & Garden,52.9,0,0
2024-01-21,P004,Home & Garden,59.5,0,0
2024-01-22,P004,Home & Garden,43.1,0,0
2024-01-23,P004,Home & Garden,34.1,0,0
2024-01-24,P004,Home & Garden,37.2,0,0
2024-01-25,P004,Home & Garden,42.5,0,0
2024-01-26,P004,Home & Garden,43.6,0,0
2024-01-27,P004,Home & Garden,50.1,0,0
2024-01-28,P004,Home & Garden,57.9,0,0
2024-01-29,P004,Home & Garden,39.2,0,0
2024-01-30,P004,Home & Garden,40.7,0,0
2024-01-31,P004,Home & Garden,37.9,0,0
2024-02-01,P004,Home & Garden,43.4,0,0
2024-02-02,P004,Home & Garden,42.0,0,0
2024-02-03,P004,Home & Garden,51.7,0,0
2024-02-04,P004,Home & Garden,52.0,0,0
2024-02-05,P004,Home & Garden,31.4,0,0
2024-02-06,P004,Home & Garden,42.7,0,0
2024-02-07,P004,Home & Garden,39.2,0,0
2024-02-08,P004,Home & Garden,43.7,0,0
2024-02-09,P004,Home & Garden,38.4,0,0
2024-02-10,P004,Home & Garden,48.4,0,0
2024-02-11,P004,Home & Garden,45.1,0,0
2024-02-12,P004,Home & Garden,61.8,0,1
2024-02-13,P004,Home & Garden,36.7,0,0
2024-02-14,P004,Home & Garden,36.1,0,0
2024-02-15,P004,Home & Garden,35.4,0,0
2024-02-16,P004,Home & Garden,36.9,0,0
2024-02-17,P004,Home & Garden,50.4,0,0
2024-02-18,P004,Home & Garden,46.5,0,0
2024-02-19,P004,Home & Garden,32.6,0,0
2024-02-20,P004,Home & Garden,40.9,0,0
2024-02-21,P004,Home & Garden,60.8,1,0
2024-02-22,P004,Home & Garden,42.3,0,0
2024-02-23,P004,Home & Garden,38.9,0,0
2024-02-24,P004,Home & Garden,51.0,0,0
2024-02-25,P004,Home & Garden,47.6,0,0
2024-02-26,P004,Home & Garden,29.2,0,0
2024-02-27,P004,Home & Garden,66.0,0,1
2024-02-28,P004,Home & Garden,36.6,0,0
2024-02-29,P004,Home & Garden,40.7,0,0
2024-03-01,P004,Home & Garden,38.3,0,0
2024-03-02,P004,Home & Garden,49.9,0,0
2024-03-03,P004,Home & Garden,45.3,0,0
2024-03-04,P004,Home & Garden,38.9,0,0
2024-03-05,P004,Home & Garden,37.2,0,0
2024-03-06,P004,Home & Garden,38.7,0,0
2024-03-07,P004,Home & Garden,68.8,0,1
2024-03-08,P004,Home & Garden,45.1,0,0
2024-03-09,P004,Home & Garden,53.5,0,0
2024-03-10,P004,Home & Garden,44.3,0,0
2024-03-11,P004,Home & Garden,33.5,0,0
2024-03-12,P004,Home & Garden,33.9,0,0
2024-03-13,P004,Home & Garden,40.8,0,0
2024-03-14,P004,Home & Garden,40.4,0,0
2024-03-15,P004,Home & Garden,38.0,0,0
2024-03-16,P004,Home & Garden,51.7,0,0
2024-03-17,P004,Home & Garden,45.3,0,0
2024-03-18,P004,Home & Garden,36.9,0,0
2024-03-19,P004,Home & Garden,33.2,0,0
2024-03-20,P004,Home & Garden,41.7,0,0
2024-03-21,P004,Home & Garden,68.2,0,1
2024-03-22,P004,Home & Garden,50.2,0,0
2024-03-23,P004,Home & Garden,56.7,0,0
2024-03-24,P004,Home & Garden,50.5,0,0
2024-03-25,P004,Home & Garden,41.6,0,0
2024-03-26,P004,Home & Garden,36.0,0,0
2024-03-27,P004,Home & Garden,64.5,0,1
2024-03-28,P004,Home & Garden,44.5,0,0
2024-03-29,P004,Home & Garden,39.3,0,0
2024-03-30,P004,Home & Garden,56.0,0,0
2024-03-31,P004,Home & Garden,50.8,0,0
2024-04-01,P004,Home & Garden,41.5,0,0
2024-04-02,P004,Home & Garden,39.3,0,0
2024-04-03,P004,Home & Garden,45.7,0,0
2024-04-04,P004,Home & Garden,46.0,0,0
2024-04-05,P004,Home & Garden,53.2,0,0
2024-04-06,P004,Home & Garden,58.7,0,0
2024-04-07,P004,Home & Garden,54.2,0,0
2024-04-08,P004,Home & Garden,43.1,0,0
2024-04-09,P004,Home & Garden,41.2,0,0
2024-04-10,P004,Home & Garden,48.5,0,0
2024-04-11,P004,Home & Garden,50.7,0,0
2024-04-12,P004,Home & Garden,59.5,0,0
2024-04-13,P004,Home & Garden,59.7,0,0
2024-04-14,P004,Home & Garden,58.9,0,0
2024-04-15,P004,Home & Garden,45.2,0,0
2024-04-16,P004,Home & Garden,75.0,0,1
2024-04-17,P004,Home & Garden,51.6,0,0
2024-04-18,P004,Home & Garden,51.9,0,0
2024-04-19,P004,Home & Garden,58.4,0,0
2024-04-20,P004,Home & Garden,63.1,0,0
2024-04-21,P004,Home & Garden,66.3,0,0
2024-04-22,P004,Home & Garden,52.2,0,0
2024-04-23,P004,Home & Garden,52.1,0,0
2024-04-24,P004,Home & Garden,52.9,0,0
2024-04-25,P004,Home & Garden,63.4,0,0
2024-04-26,P004,Home & Garden,55.9,0,0
2024-04-27,P004,Home & Garden,69.6,0,0
2024-04-28,P004,Home & Garden,64.4,0,0
2024-04-29,P004,Home & Garden,59.9,0,0
2024-04-30,P004,Home & Garden,58.8,0,0
2024-05-01,P004,Home & Garden,81.1,0,1
2024-05-02,P004,Home & Garden,61.1,0,0
2024-05-03,P004,Home & Garden,63.3,0,0
2024-05-04,P004,Home & Garden,96.6,0,1
2024-05-05,P004,Home & Garden,73.2,0,0
2024-05-06,P004,Home & Garden,59.4,0,0
2024-05-07,P004,Home & Garden,60.7,0,0
2024-05-08,P004,Home & Garden,61.6,0,0
2024-05-09,P004,Home & Garden,64.9,0,0
2024-05-10,P004,Home & Garden,67.3,0,0
2024-05-11,P004,Home & Garden,76.9,0,0
2024-05-12,P004,Home & Garden,72.9,0,0
2024-05-13,P004,Home & Garden,67.8,0,0
2024-05-14,P004,Home & Garden,60.8,0,0
2024-05-15,P004,Home & Garden,67.4,0,0
2024-05-16,P004,Home & Garden,66.8,0,0
2024-05-17,P004,Home & Garden,76.5,0,0
2024-05-18,P004,Home & Garden,78.2,0,0
2024-05-19,P004,Home & Garden,76.9,0,0
2024-05-20,P004,Home & Garden,63.6,0,0
2024-05-21,P004,Home & Garden,69.6,0,0
2024-05-22,P004,Home & Garden,66.0,0,0
2024-05-23,P004,Home & Garden,70.7,0,0
2024-05-24,P004,Home & Garden,68.3,0,0
2024-05-25,P004,Home & Garden,86.2,0,0
2024-05-26,P004,Home & Garden,82.1,0,0
2024-05-27,P004,Home & Garden,66.3,0,0
2024-05-28,P004,Home & Garden,76.4,0,0
2024-05-29,P004,Home & Garden,70.6,0,0
2024-05-30,P004,Home & Garden,103.2,1,0
2024-05-31,P004,Home & Garden,77.4,0,0
2024-06-01,P004,Home & Garden,95.0,0,0
2024-06-02,P004,Home & Garden,90.5,0,0
2024-06-03,P004,Home & Garden,72.3,0,0
2024-06-04,P004,Home & Garden,74.4,0,0
2024-06-05,P004,Home & Garden,81.1,0,0
2024-06-06,P004,Home & Garden,80.2,0,0
2024-06-07,P004,Home & Garden,83.5,0,0
2024-06-08,P004,Home & Garden,98.3,0,0
2024-06-09,P004,Home & Garden,90.1,0,0
2024-06-10,P004,Home & Garden,80.2,0,0
2024-06-11,P004,Home & Garden,84.8,0,0
2024-06-12,P004,Home & Garden,86.1,0,0
2024-06-13,P004,Home & Garden,84.8,0,0
2024-06-14,P004,Home & Garden,87.4,0,0
2024-06-15,P004,Home & Garden,93.0,0,0
2024-06-16,P004,Home & Garden,93.4,0,0
2024-06-17,P004,Home & Garden,85.2,0,0
2024-06-18,P004,Home & Garden,111.1,0,1
2024-06-19,P004,Home & Garden,112.0,1,0
2024-06-20,P004,Home & Garden,92.9,0,0
2024-06-21,P004,Home & Garden,88.8,0,0
2024-06-22,P004,Home & Garden,102.0,0,0
2024-06-23,P004,Home & Garden,101.5,0,0
2024-06-24,P004,Home & Garden,86.0,0,0
2024-06-25,P004,Home & Garden,94.6,0,0
2024-06-26,P004,Home & Garden,94.7,0,0
2024-06-27,P004,Home & Garden,94.5,0,0
2024-06-28,P004,Home & Garden,102.3,0,0
2024-06-29,P004,Home & Garden,101.9,0,0
2024-06-30,P004,Home & Garden,104.8,0,0
2024-07-01,P004,Home & Garden,119.0,0,1
2024-07-02,P004,Home & Garden,91.0,0,0
2024-07-03,P004,Home & Garden,96.6,0,0
2024-07-04,P004,Home & Garden,117.8,1,0
2024-07-05,P004,Home & Garden,102.5,0,0
2024-07-06,P004,Home & Garden,113.8,0,0
2024-07-07,P004,Home & Garden,109.4,0,0
2024-07-08,P004,Home & Garden,89.9,0,0
2024-07-09,P004,Home & Garden,94.4,0,0
2024-07-10,P004,Home & Garden,101.0,0,0
2024-07-11,P004,Home & Garden,100.9,0,0
2024-07-12,P004,Home & Garden,95.1,0,0
2024-07-13,P004,Home & Garden,117.8,0,0
2024-07-14,P004,Home & Garden,112.3,0,0
2024-07-15,P004,Home & Garden,96.5,0,0
2024-07-16,P004,Home & Garden,103.9,0,0
2024-07-17,P004,Home & Garden,100.2,0,0
2024-07-18,P004,Home & Garden,101.8,0,0
2024-07-19,P004,Home & Garden,108.0,0,0
2024-07-20,P004,Home & Garden,122.5,0,0
2024-07-21,P004,Home & Garden,145.6,0,1
2024-07-22,P004,Home & Garden,103.2,0,0
2024-07-23,P004,Home & Garden,105.1,0,0
2024-07-24,P004,Home & Garden,107.7,0,0
2024-07-25,P004,Home & Garden,128.3,0,1
2024-07-26,P004,Home & Garden,111.6,0,0
2024-07-27,P004,Home & Garden,117.1,0,0
2024-07-28,P004,Home & Garden,118.4,0,0
2024-07-29,P004,Home & Garden,103.8,0,0
2024-07-30,P004,Home & Garden,107.7,0,0
2024-07-31,P004,Home & Garden,108.0,0,0
2024-08-01,P004,Home & Garden,99.3,0,0
2024-08-02,P004,Home & Garden,112.4,0,0
2024-08-03,P004,Home & Garden,123.8,0,0
2024-08-04,P004,Home & Garden,121.0,0,0
2024-08-05,P004,Home & Garden,106.3,0,0
2024-08-06,P004,Home & Garden,113.4,0,0
2024-08-07,P004,Home & Garden,136.2,0,1
2024-08-08,P004,Home & Garden,112.4,0,0
2024-08-09,P004,Home & Garden,117.0,0,0
2024-08-10,P004,Home & Garden,124.6,0,0
2024-08-11,P004,Home & Garden,118.4,0,0
2024-08-12,P004,Home & Garden,100.5,0,0
2024-08-13,P004,Home & Garden,108.1,0,0
2024-08-14,P004,Home & Garden,113.5,0,0
2024-08-15,P004,Home & Garden,136.9,0,1
2024-08-16,P004,Home & Garden,117.5,0,0
2024-08-17,P004,Home & Garden,125.2,0,0
2024-08-18,P004,Home & Garden,126.6,0,0
2024-08-19,P004,Home & Garden,108.4,0,0
2024-08-20,P004,Home & Garden,112.2,0,0
2024-08-21,P004,Home & Garden,113.6,0,0
2024-08-22,P004,Home & Garden,118.1,0,0
2024-08-23,P004,Home & Garden,110.3,0,0
2024-08-24,P004,Home & Garden,124.0,0,0
2024-08-25,P004,Home & Garden,125.9,0,0
2024-08-26,P004,Home & Garden,140.6,0,1
2024-08-27,P004,Home & Garden,112.0,0,0
2024-08-28,P004,Home & Garden,111.6,0,0
2024-08-29,P004,Home & Garden,141.7,0,1
2024-08-30,P004,Home & Garden,118.9,0,0
2024-08-31,P004,Home & Garden,124.6,0,0
2024-09-01,P004,Home & Garden,124.4,0,0
2024-09-02,P004,Home & Garden,113.9,0,0
2024-09-03,P004,Home & Garden,117.4,0,0
2024-09-04,P004,Home & Garden,114.9,0,0
2024-09-05,P004,Home & Garden,137.8,1,0
2024-09-06,P004,Home & Garden,115.8,0,0
2024-09-07,P004,Home & Garden,127.3,0,0
2024-09-08,P004,Home & Garden,122.7,0,0
2024-09-09,P004,Home & Garden,110.4,0,0
2024-09-10,P004,Home & Garden,107.5,0,0
2024-09-11,P004,Home & Garden,116.1,0,0
2024-09-12,P004,Home & Garden,109.4,0,0
2024-09-13,P004,Home & Garden,139.5,0,1
2024-09-14,P004,Home & Garden,125.1,0,0
2024-09-15,P004,Home & Garden,128.6,0,0
2024-09-16,P004,Home & Garden,107.5,0,0
2024-09-17,P004,Home & Garden,133.4,0,1
2024-09-18,P004,Home & Garden,134.8,0,1
2024-09-19,P004,Home & Garden,117.2,0,0
2024-09-20,P004,Home & Garden,105.1,0,0
2024-09-21,P004,Home & Garden,120.3,0,0
2024-09-22,P004,Home & Garden,129.7,0,0
2024-09-23,P004,Home & Garden,109.4,0,0
2024-09-24,P004,Home & Garden,104.9,0,0
2024-09-25,P004,Home & Garden,109.3,0,0
2024-09-26,P004,Home & Garden,110.6,0,0
2024-09-27,P004,Home & Garden,115.2,0,0
2024-09-28,P004,Home & Garden,127.7,0,0
2024-09-29,P004,Home & Garden,120.4,0,0
2024-09-30,P004,Home & Garden,103.9,0,0
2024-10-01,P004,Home & Garden,134.7,0,1
2024-10-02,P004,Home & Garden,105.2,0,0
2024-10-03,P004,Home & Garden,105.1,0,0
2024-10-04,P004,Home & Garden,104.8,0,0
2024-10-05,P004,Home & Garden,114.7,0,0
2024-10-06,P004,Home & Garden,114.1,0,0
2024-10-07,P004,Home & Garden,99.7,0,0
2024-10-08,P004,Home & Garden,105.3,0,0
2024-10-09,P004,Home & Garden,101.3,0,0
2024-10-10,P004,Home & Garden,119.9,1,0
2024-10-11,P004,Home & Garden,104.6,0,0
2024-10-12,P004,Home & Garden,115.7,0,0
2024-10-13,P004,Home & Garden,112.4,0,0
2024-10-14,P004,Home & Garden,105.6,0,0
2024-10-15,P004,Home & Garden,99.6,0,0
2024-10-16,P004,Home & Garden,105.2,0,0
2024-10-17,P004,Home & Garden,103.1,0,0
2024-10-18,P004,Home & Garden,105.0,0,0
2024-10-19,P004,Home & Garden,111.6,0,0
2024-10-20,P004,Home & Garden,111.2,0,0
2024-10-21,P004,Home & Garden,95.3,0,0
2024-10-22,P004,Home & Garden,99.1,0,0
2024-10-23,P004,Home & Garden,98.5,0,0
2024-10-24,P004,Home & Garden,97.0,0,0
2024-10-25,P004,Home & Garden,105.1,0,0
2024-10-26,P004,Home & Garden,112.4,0,0
2024-10-27,P004,Home & Garden,106.7,0,0
2024-10-28,P004,Home & Garden,94.9,0,0
2024-10-29,P004,Home & Garden,94.9,0,0
2024-10-30,P004,Home & Garden,93.1,0,0
2024-10-31,P004,Home & Garden,96.8,0,0
2024-11-01,P004,Home & Garden,120.5,1,0
2024-11-02,P004,Home & Garden,104.5,0,0
2024-11-03,P004,Home & Garden,99.4,0,0
2024-11-04,P004,Home & Garden,89.8,0,0
2024-11-05,P004,Home & Garden,93.4,0,0
2024-11-06,P004,Home & Garden,90.0,0,0
2024-11-07,P004,Home & Garden,101.0,0,0
2024-11-08,P004,Home & Garden,97.6,0,0
2024-11-09,P004,Home & Garden,108.0,0,0
2024-11-10,P004,Home & Garden,103.4,0,0
2024-11-11,P004,Home & Garden,117.1,1,0
2024-11-12,P004,Home & Garden,85.3,0,0
2024-11-13,P004,Home & Garden,80.3,0,0
2024-11-14,P004,Home & Garden,87.7,0,0
2024-11-15,P004,Home & Garden,92.7,0,0
2024-11-16,P004,Home & Garden,100.5,0,0
2024-11-17,P004,Home & Garden,97.9,0,0
2024-11-18,P004,Home & Garden,87.5,0,0
2024-11-19,P004,Home & Garden,110.7,0,1
2024-11-20,P004,Home & Garden,87.1,0,0
2024-11-21,P004,Home & Garden,82.2,0,0
2024-11-22,P004,Home & Garden,143.5,1,0
2024-11-23,P004,Home & Garden,101.2,0,0
2024-11-24,P004,Home & Garden,143.0,1,1
2024-11-25,P004,Home & Garden,101.3,1,0
2024-11-26,P004,Home & Garden,77.9,0,0
2024-11-27,P004,Home & Garden,78.5,0,0
2024-11-28,P004,Home & Garden,78.9,0,0
2024-11-29,P004,Home & Garden,138.9,1,0
2024-11-30,P004,Home & Garden,87.2,0,0
2024-12-01,P004,Home & Garden,114.0,0,1
2024-12-02,P004,Home & Garden,73.4,0,0
2024-12-03,P004,Home & Garden,79.4,0,0
2024-12-04,P004,Home & Garden,77.5,0,0
2024-12-05,P004,Home & Garden,78.0,0,0
2024-12-06,P004,Home & Garden,76.6,0,0
2024-12-07,P004,Home & Garden,87.6,0,0
2024-12-08,P004,Home & Garden,86.2,0,0
2024-12-09,P004,Home & Garden,73.6,0,0
2024-12-10,P004,Home & Garden,71.6,0,0
2024-12-11,P004,Home & Garden,76.0,0,0
2024-12-12,P004,Home & Garden,73.3,0,0
2024-12-13,P004,Home & Garden,77.6,0,0
2024-12-14,P004,Home & Garden,82.6,0,0
2024-12-15,P004,Home & Garden,75.4,0,0
2024-12-16,P004,Home & Garden,68.3,0,0
2024-12-17,P004,Home & Garden,70.4,0,0
2024-12-18,P004,Home & Garden,70.6,0,0
2024-12-19,P004,Home & Garden,70.8,0,0
2024-12-20,P004,Home & Garden,70.2,0,0
2024-12-21,P004,Home & Garden,77.8,0,0
2024-12-22,P004,Home & Garden,79.2,0,0
2024-12-23,P004,Home & Garden,65.1,0,0
2024-12-24,P004,Home & Garden,86.6,1,0
2024-12-25,P004,Home & Garden,92.7,1,0
2024-12-26,P004,Home & Garden,87.0,1,0
2024-12-27,P004,Home & Garden,65.8,0,0
2024-12-28,P004,Home & Garden,107.7,0,1
2024-12-29,P004,Home & Garden,76.7,0,0
2024-12-30,P004,Home & Garden,59.1,0,0
2024-12-31,P004,Home & Garden,85.9,1,0
2022-01-01,P005,Sports & Outdoors,69.1,1,0
2022-01-02,P005,Sports & Outdoors,38.5,0,0
2022-01-03,P005,Sports & Outdoors,27.1,0,0
2022-01-04,P005,Sports & Outdoors,36.7,0,0
2022-01-05,P005,Sports & Outdoors,29.9,0,0
2022-01-06,P005,Sports & Outdoors,30.4,0,0
2022-01-07,P005,Sports & Outdoors,58.2,0,1
2022-01-08,P005,Sports & Outdoors,39.4,0,0
2022-01-09,P005,Sports & Outdoors,34.3,0,0
2022-01-10,P005,Sports & Outdoors,26.3,0,0
2022-01-11,P005,Sports & Outdoors,50.5,0,1
2022-01-12,P005,Sports & Outdoors,27.7,0,0
2022-01-13,P005,Sports & Outdoors,21.1,0,0
2022-01-14,P005,Sports & Outdoors,35.5,0,0
2022-01-15,P005,Sports & Outdoors,34.5,0,0
2022-01-16,P005,Sports & Outdoors,56.6,0,1
2022-01-17,P005,Sports & Outdoors,41.1,1,0
2022-01-18,P005,Sports & Outdoors,21.3,0,0
2022-01-19,P005,Sports & Outdoors,21.2,0,0
2022-01-20,P005,Sports & Outdoors,27.7,0,0
2022-01-21,P005,Sports & Outdoors,24.6,0,0
2022-01-22,P005,Sports & Outdoors,33.0,0,0
2022-01-23,P005,Sports & Outdoors,25.4,0,0
2022-01-24,P005,Sports & Outdoors,17.0,0,0
2022-01-25,P005,Sports & Outdoors,41.9,0,1
2022-01-26,P005,Sports & Outdoors,22.9,0,0
2022-01-27,P005,Sports & Outdoors,14.5,0,0
2022-01-28,P005,Sports & Outdoors,18.8,0,0
2022-01-29,P005,Sports & Outdoors,21.8,0,0
2022-01-30,P005,Sports & Outdoors,20.5,0,0
2022-01-31,P005,Sports & Outdoors,12.4,0,0
2022-02-01,P005,Sports & Outdoors,10.7,0,0
2022-02-02,P005,Sports & Outdoors,13.8,0,0
2022-02-03,P005,Sports & Outdoors,10.8,0,0
2022-02-04,P005,Sports & Outdoors,16.2,0,0
2022-02-05,P005,Sports & Outdoors,27.3,0,0
2022-02-06,P005,Sports & Outdoors,45.2,0,1
2022-02-07,P005,Sports & Outdoors,12.0,0,0
2022-02-08,P005,Sports & Outdoors,9.3,0,0
2022-02-09,P005,Sports & Outdoors,8.5,0,0
2022-02-10,P005,Sports & Outdoors,10.2,0,0
2022-02-11,P005,Sports & Outdoors,16.0,0,0
2022-02-12,P005,Sports & Outdoors,23.5,0,0
2022-02-13,P005,Sports & Outdoors,20.0,0,0
2022-02-14,P005,Sports & Outdoors,10.5,0,0
2022-02-15,P005,Sports & Outdoors,7.4,0,0
2022-02-16,P005,Sports & Outdoors,10.2,0,0
2022-02-17,P005,Sports & Outdoors,10.0,0,0
2022-02-18,P005,Sports & Outdoors,13.1,0,0
2022-02-19,P005,Sports & Outdoors,24.3,0,0
2022-02-20,P005,Sports & Outdoors,10.2,0,0
2022-02-21,P005,Sports & Outdoors,28.6,1,0
2022-02-22,P005,Sports & Outdoors,10.6,0,0
2022-02-23,P005,Sports & Outdoors,3.9,0,0
2022-02-24,P005,Sports & Outdoors,7.0,0,0
2022-02-25,P005,Sports & Outdoors,10.2,0,0
2022-02-26,P005,Sports & Outdoors,16.1,0,0
2022-02-27,P005,Sports & Outdoors,8.9,0,0
2022-02-28,P005,Sports & Outdoors,6.4,0,0
2022-03-01,P005,Sports & Outdoors,7.5,0,0
2022-03-02,P005,Sports & Outdoors,7.9,0,0
2022-03-03,P005,Sports & Outdoors,4.9,0,0
2022-03-04,P005,Sports & Outdoors,10.5,0,0
2022-03-05,P005,Sports & Outdoors,12.9,0,0
2022-03-06,P005,Sports & Outdoors,11.2,0,0
2022-03-07,P005,Sports & Outdoors,9.6,0,0
2022-03-08,P005,Sports & Outdoors,4.8,0,0
2022-03-09,P005,Sports & Outdoors,2.1,0,0
2022-03-10,P005,Sports & Outdoors,6.9,0,0
2022-03-11,P005,Sports & Outdoors,5.6,0,0
2022-03-12,P005,Sports & Outdoors,11.2,0,0
2022-03-13,P005,Sports & Outdoors,8.5,0,0
2022-03-14,P005,Sports & Outdoors,1.7,0,0
2022-03-15,P005,Sports & Outdoors,6.6,0,0
2022-03-16,P005,Sports & Outdoors,6.6,0,0
2022-03-17,P005,Sports & Outdoors,7.5,0,0
2022-03-18,P005,Sports & Outdoors,29.9,0,1
2022-03-19,P005,Sports & Outdoors,12.9,0,0
2022-03-20,P005,Sports & Outdoors,12.0,0,0
2022-03-21,P005,Sports & Outdoors,1.1,0,0
2022-03-22,P005,Sports & Outdoors,3.2,0,0
2022-03-23,P005,Sports & Outdoors,6.3,0,0
2022-03-24,P005,Sports & Outdoors,5.2,0,0
2022-03-25,P005,Sports & Outdoors,10.1,0,0
2022-03-26,P005,Sports & Outdoors,19.2,0,0
2022-03-27,P005,Sports & Outdoors,11.2,0,0
2022-03-28,P005,Sports & Outdoors,6.7,0,0
2022-03-29,P005,Sports & Outdoors,6.2,0,0
2022-03-30,P005,Sports & Outdoors,1.7,0,0
2022-03-31,P005,Sports & Outdoors,3.9,0,0
2022-04-01,P005,Sports & Outdoors,31.8,0,1
2022-04-02,P005,Sports & Outdoors,13.3,0,0
2022-04-03,P005,Sports & Outdoors,12.5,0,0
2022-04-04,P005,Sports & Outdoors,6.3,0,0
2022-04-05,P005,Sports & Outdoors,9.3,0,0
2022-04-06,P005,Sports & Outdoors,7.9,0,0
2022-04-07,P005,Sports & Outdoors,7.1,0,0
2022-04-08,P005,Sports & Outdoors,5.9,0,0
2022-04-09,P005,Sports & Outdoors,17.4,0,0
2022-04-10,P005,Sports & Outdoors,14.4,0,0
2022-04-11,P005,Sports & Outdoors,6.7,0,0
2022-04-12,P005,Sports & Outdoors,13.4,0,0
2022-04-13,P005,Sports & Outdoors,12.3,0,0
2022-04-14,P005,Sports & Outdoors,12.4,0,0
2022-04-15,P005,Sports & Outdoors,11.0,0,0
2022-04-16,P005,Sports & Outdoors,17.8,0,0
2022-04-17,P005,Sports & Outdoors,16.2,0,0
2022-04-18,P005,Sports & Outdoors,6.2,0,0
2022-04-19,P005,Sports & Outdoors,11.2,0,0
2022-04-20,P005,Sports & Outdoors,12.2,0,0
2022-04-21,P005,Sports & Outdoors,9.6,0,0
2022-04-22,P005,Sports & Outdoors,19.5,0,0
2022-04-23,P005,Sports & Outdoors,22.1,0,0
2022-04-24,P005,Sports & Outdoors,14.3,0,0
2022-04-25,P005,Sports & Outdoors,11.0,0,0
2022-04-26,P005,Sports & Outdoors,13.4,0,0
2022-04-27,P005,Sports & Outdoors,16.8,0,0
2022-04-28,P005,Sports & Outdoors,14.6,0,0
2022-04-29,P005,Sports & Outdoors,21.5,0,0
2022-04-30,P005,Sports & Outdoors,25.4,0,0
2022-05-01,P005,Sports & Outdoors,18.5,0,0
2022-05-02,P005,Sports & Outdoors,10.3,0,0
2022-05-03,P005,Sports & Outdoors,42.8,0,1
2022-05-04,P005,Sports & Outdoors,20.7,0,0
2022-05-05,P005,Sports & Outdoors,43.7,0,1
2022-05-06,P005,Sports & Outdoors,26.8,0,0
2022-05-07,P005,Sports & Outdoors,31.4,0,0
2022-05-08,P005,Sports & Outdoors,27.7,0,0
2022-05-09,P005,Sports & Outdoors,15.4,0,0
2022-05-10,P005,Sports & Outdoors,24.4,0,0
2022-05-11,P005,Sports & Outdoors,46.4,0,1
2022-05-12,P005,Sports & Outdoors,21.7,0,0
2022-05-13,P005,Sports & Outdoors,24.6,0,0
2022-05-14,P005,Sports & Outdoors,33.0,0,0
2022-05-15,P005,Sports & Outdoors,25.0,0,0
2022-05-16,P005,Sports & Outdoors,47.7,0,1
2022-05-17,P005,Sports & Outdoors,20.9,0,0
2022-05-18,P005,Sports & Outdoors,26.2,0,0
2022-05-19,P005,Sports & Outdoors,25.4,0,0
2022-05-20,P005,Sports & Outdoors,29.9,0,0
2022-05-21,P005,Sports & Outdoors,34.4,0,0
2022-05-22,P005,Sports & Outdoors,57.3,0,1
2022-05-23,P005,Sports & Outdoors,31.5,0,0
2022-05-24,P005,Sports & Outdoors,31.8,0,0
2022-05-25,P005,Sports & Outdoors,30.6,0,0
2022-05-26,P005,Sports & Outdoors,31.2,0,0
2022-05-27,P005,Sports & Outdoors,37.5,0,0
2022-05-28,P005,Sports & Outdoors,44.2,0,0
2022-05-29,P005,Sports & Outdoors,36.2,0,0
2022-05-30,P005,Sports & Outdoors,53.3,1,0
2022-05-31,P005,Sports & Outdoors,27.4,0,0
2022-06-01,P005,Sports & Outdoors,37.4,0,0
2022-06-02,P005,Sports & Outdoors,41.7,0,0
2022-06-03,P005,Sports & Outdoors,40.0,0,0
2022-06-04,P005,Sports & Outdoors,39.8,0,0
2022-06-05,P005,Sports & Outdoors,45.0,0,0
2022-06-06,P005,Sports & Outdoors,33.0,0,0
2022-06-07,P005,Sports & Outdoors,35.4,0,0
2022-06-08,P005,Sports & Outdoors,64.6,0,1
2022-06-09,P005,Sports & Outdoors,41.5,0,0
2022-06-10,P005,Sports & Outdoors,43.3,0,0
2022-06-11,P005,Sports & Outdoors,48.8,0,0
2022-06-12,P005,Sports & Outdoors,48.5,0,0
2022-06-13,P005,Sports & Outdoors,39.3,0,0
2022-06-14,P005,Sports & Outdoors,39.1,0,0
2022-06-15,P005,Sports & Outdoors,43.0,0,0
2022-06-16,P005,Sports & Outdoors,46.7,0,0
2022-06-17,P005,Sports & Outdoors,49.1,0,0
2022-06-18,P005,Sports & Outdoors,51.6,0,0
2022-06-19,P005,Sports & Outdoors,78.6,1,0
2022-06-20,P005,Sports & Outdoors,37.7,0,0
2022-06-21,P005,Sports & Outdoors,45.9,0,0
2022-06-22,P005,Sports & Outdoors,47.2,0,0
2022-06-23,P005,Sports & Outdoors,51.1,0,0
2022-06-24,P005,Sports & Outdoors,56.1,0,0
2022-06-25,P005,Sports & Outdoors,63.6,0,0
2022-06-26,P005,Sports & Outdoors,56.0,0,0
2022-06-27,P005,Sports & Outdoors,52.0,0,0
2022-06-28,P005,Sports & Outdoors,52.6,0,0
2022-06-29,P005,Sports & Outdoors,49.0,0,0
2022-06-30,P005,Sports & Outdoors,60.9,0,0
2022-07-01,P005,Sports & Outdoors,55.4,0,0
2022-07-02,P005,Sports & Outdoors,66.5,0,0
2022-07-03,P005,Sports & Outdoors,64.0,0,0
2022-07-04,P005,Sports & Outdoors,78.7,1,0
2022-07-05,P005,Sports & Outdoors,55.5,0,0
2022-07-06,P005,Sports & Outdoors,61.0,0,0
2022-07-07,P005,Sports & Outdoors,56.0,0,0
2022-07-08,P005,Sports & Outdoors,64.0,0,0
2022-07-09,P005,Sports & Outdoors,68.6,0,0
2022-07-10,P005,Sports & Outdoors,65.8,0,0
2022-07-11,P005,Sports & Outdoors,61.1,0,0
2022-07-12,P005,Sports & Outdoors,64.6,0,0
2022-07-13,P005,Sports & Outdoors,62.4,0,0
2022-07-14,P005,Sports & Outdoors,67.2,0,0
2022-07-15,P005,Sports & Outdoors,69.0,0,0
2022-07-16,P005,Sports & Outdoors,72.2,0,0
2022-07-17,P005,Sports & Outdoors,71.5,0,0
2022-07-18,P005,Sports & Outdoors,63.6,0,0
2022-07-19,P005,Sports & Outdoors,64.1,0,0
2022-07-20,P005,Sports & Outdoors,68.9,0,0
2022-07-21,P005,Sports & Outdoors,70.1,0,0
2022-07-22,P005,Sports & Outdoors,68.7,0,0
2022-07-23,P005,Sports & Outdoors,74.4,0,0
2022-07-24,P005,Sports & Outdoors,77.6,0,0
2022-07-25,P005,Sports & Outdoors,66.3,0,0
2022-07-26,P005,Sports & Outdoors,71.1,0,0
2022-07-27,P005,Sports & Outdoors,74.1,0,0
2022-07-28,P005,Sports & Outdoors,69.9,0,0
2022-07-29,P005,Sports & Outdoors,97.0,0,1
2022-07-30,P005,Sports & Outdoors,87.7,0,0
2022-07-31,P005,Sports & Outdoors,81.4,0,0
2022-08-01,P005,Sports & Outdoors,71.3,0,0
2022-08-02,P005,Sports & Outdoors,71.5,0,0
2022-08-03,P005,Sports & Outdoors,74.2,0,0
2022-08-04,P005,Sports & Outdoors,73.9,0,0
2022-08-05,P005,Sports & Outdoors,83.3,0,0
2022-08-06,P005,Sports & Outdoors,84.4,0,0
2022-08-07,P005,Sports & Outdoors,87.0,0,0
2022-08-08,P005,Sports & Outdoors,98.7,0,1
2022-08-09,P005,Sports & Outdoors,74.6,0,0
2022-08-10,P005,Sports & Outdoors,77.8,0,0
2022-08-11,P005,Sports & Outdoors,73.2,0,0
2022-08-12,P005,Sports & Outdoors,83.8,0,0
2022-08-13,P005,Sports & Outdoors,89.3,0,0
2022-08-14,P005,Sports & Outdoors,89.4,0,0
2022-08-15,P005,Sports & Outdoors,73.8,0,0
2022-08-16,P005,Sports & Outdoors,83.8,0,0
2022-08-17,P005,Sports & Outdoors,84.3,0,0
2022-08-18,P005,Sports & Outdoors,86.9,0,0
2022-08-19,P005,Sports & Outdoors,86.8,0,0
2022-08-20,P005,Sports & Outdoors,95.3,0,0
2022-08-21,P005,Sports & Outdoors,85.6,0,0
2022-08-22,P005,Sports & Outdoors,83.6,0,0
2022-08-23,P005,Sports & Outdoors,80.9,0,0
2022-08-24,P005,Sports & Outdoors,79.8,0,0
2022-08-25,P005,Sports & Outdoors,82.6,0,0
2022-08-26,P005,Sports & Outdoors,89.2,0,0
2022-08-27,P005,Sports & Outdoors,92.4,0,0
2022-08-28,P005,Sports & Outdoors,92.9,0,0
2022-08-29,P005,Sports & Outdoors,78.6,0,0
2022-08-30,P005,Sports & Outdoors,102.8,0,1
2022-08-31,P005,Sports & Outdoors,90.1,0,0
2022-09-01,P005,Sports & Outdoors,90.1,0,0
2022-09-02,P005,Sports & Outdoors,88.0,0,0
2022-09-03,P005,Sports & Outdoors,96.4,0,0
2022-09-04,P005,Sports & Outdoors,96.3,0,0
2022-09-05,P005,Sports & Outdoors,109.1,1,0
2022-09-06,P005,Sports & Outdoors,86.8,0,0
2022-09-07,P005,Sports & Outdoors,90.7,0,0
2022-09-08,P005,Sports & Outdoors,86.8,0,0
2022-09-09,P005,Sports & Outdoors,92.2,0,0
2022-09-10,P005,Sports & Outdoors,97.4,0,0
2022-09-11,P005,Sports & Outdoors,93.7,0,0
2022-09-12,P005,Sports & Outdoors,108.9,0,1
2022-09-13,P005,Sports & Outdoors,87.5,0,0
2022-09-14,P005,Sports & Outdoors,88.5,0,0
2022-09-15,P005,Sports & Outdoors,86.6,0,0
2022-09-16,P005,Sports & Outdoors,95.0,0,0
2022-09-17,P005,Sports & Outdoors,95.3,0,0
2022-09-18,P005,Sports & Outdoors,94.3,0,0
2022-09-19,P005,Sports & Outdoors,85.7,0,0
2022-09-20,P005,Sports & Outdoors,88.6,0,0
2022-09-21,P005,Sports & Outdoors,106.5,0,1
2022-09-22,P005,Sports & Outdoors,92.1,0,0
2022-09-23,P005,Sports & Outdoors,90.9,0,0
2022-09-24,P005,Sports & Outdoors,101.4,0,0
2022-09-25,P005,Sports & Outdoors,93.4,0,0
2022-09-26,P005,Sports & Outdoors,86.2,0,0
2022-09-27,P005,Sports & Outdoors,92.6,0,0
2022-09-28,P005,Sports & Outdoors,87.5,0,0
2022-09-29,P005,Sports & Outdoors,92.7,0,0
2022-09-30,P005,Sports & Outdoors,92.3,0,0
2022-10-01,P005,Sports & Outdoors,98.5,0,0
2022-10-02,P005,Sports & Outdoors,94.3,0,0
2022-10-03,P005,Sports & Outdoors,87.9,0,0
2022-10-04,P005,Sports & Outdoors,84.5,0,0
2022-10-05,P005,Sports & Outdoors,84.5,0,0
2022-10-06,P005,Sports & Outdoors,86.4,0,0
2022-10-07,P005,Sports & Outdoors,115.2,0,1
2022-10-08,P005,Sports & Outdoors,119.3,0,1
2022-10-09,P005,Sports & Outdoors,94.8,0,0
2022-10-10,P005,Sports & Outdoors,110.6,1,0
2022-10-11,P005,Sports & Outdoors,82.2,0,0
2022-10-12,P005,Sports & Outdoors,83.7,0,0
2022-10-13,P005,Sports & Outdoors,82.6,0,0
2022-10-14,P005,Sports & Outdoors,95.1,0,0
2022-10-15,P005,Sports & Outdoors,119.1,0,1
2022-10-16,P005,Sports & Outdoors,92.3,0,0
2022-10-17,P005,Sports & Outdoors,78.5,0,0
2022-10-18,P005,Sports & Outdoors,83.0,0,0
2022-10-19,P005,Sports & Outdoors,85.2,0,0
2022-10-20,P005,Sports & Outdoors,83.8,0,0
2022-10-21,P005,Sports & Outdoors,90.3,0,0
2022-10-22,P005,Sports & Outdoors,122.4,0,1
2022-10-23,P005,Sports & Outdoors,86.0,0,0
2022-10-24,P005,Sports & Outdoors,77.0,0,0
2022-10-25,P005,Sports & Outdoors,78.1,0,0
2022-10-26,P005,Sports & Outdoors,85.7,0,0
2022-10-27,P005,Sports & Outdoors,84.8,0,0
2022-10-28,P005,Sports & Outdoors,84.2,0,0
2022-10-29,P005,Sports & Outdoors,113.3,0,1
2022-10-30,P005,Sports & Outdoors,83.6,0,0
2022-10-31,P005,Sports & Outdoors,79.5,0,0
2022-11-01,P005,Sports & Outdoors,99.3,1,0
2022-11-02,P005,Sports & Outdoors,77.5,0,0
2022-11-03,P005,Sports & Outdoors,80.5,0,0
2022-11-04,P005,Sports & Outdoors,80.9,0,0
2022-11-05,P005,Sports & Outdoors,85.6,0,0
2022-11-06,P005,Sports & Outdoors,106.4,0,1
2022-11-07,P005,Sports & Outdoors,75.9,0,0
2022-11-08,P005,Sports & Outdoors,78.9,0,0
2022-11-09,P005,Sports & Outdoors,76.4,0,0
2022-11-10,P005,Sports & Outdoors,101.4,0,1
2022-11-11,P005,Sports & Outdoors,100.1,1,0
2022-11-12,P005,Sports & Outdoors,80.7,0,0
2022-11-13,P005,Sports & Outdoors,80.8,0,0
2022-11-14,P005,Sports & Outdoors,94.3,0,1
2022-11-15,P005,Sports & Outdoors,66.5,0,0
2022-11-16,P005,Sports & Outdoors,70.1,0,0
2022-11-17,P005,Sports & Outdoors,71.3,0,0
2022-11-18,P005,Sports & Outdoors,72.6,0,0
2022-11-19,P005,Sports & Outdoors,82.9,0,0
2022-11-20,P005,Sports & Outdoors,76.3,0,0
2022-11-21,P005,Sports & Outdoors,69.9,0,0
2022-11-22,P005,Sports & Outdoors,67.2,0,0
2022-11-23,P005,Sports & Outdoors,67.1,0,0
2022-11-24,P005,Sports & Outdoors,87.5,1,0
2022-11-25,P005,Sports & Outdoors,122.4,1,0
2022-11-26,P005,Sports & Outdoors,74.6,0,0
2022-11-27,P005,Sports & Outdoors,66.9,0,0
2022-11-28,P005,Sports & Outdoors,60.2,0,0
2022-11-29,P005,Sports & Outdoors,85.1,0,1
2022-11-30,P005,Sports & Outdoors,63.7,0,0
2022-12-01,P005,Sports & Outdoors,64.3,0,0
2022-12-02,P005,Sports & Outdoors,63.9,0,0
2022-12-03,P005,Sports & Outdoors,71.4,0,0
2022-12-04,P005,Sports & Outdoors,65.8,0,0
2022-12-05,P005,Sports & Outdoors,49.2,0,0
2022-12-06,P005,Sports & Outdoors,56.3,0,0
2022-12-07,P005,Sports & Outdoors,61.1,0,0
2022-12-08,P005,Sports & Outdoors,53.8,0,0
2022-12-09,P005,Sports & Outdoors,61.3,0,0
2022-12-10,P005,Sports & Outdoors,70.0,0,0
2022-12-11,P005,Sports & Outdoors,59.6,0,0
2022-12-12,P005,Sports & Outdoors,52.7,0,0
2022-12-13,P005,Sports & Outdoors,49.4,0,0
2022-12-14,P005,Sports & Outdoors,58.0,0,0
2022-12-15,P005,Sports & Outdoors,53.6,0,0
2022-12-16,P005,Sports & Outdoors,56.4,0,0
2022-12-17,P005,Sports & Outdoors,64.7,0,0
2022-12-18,P005,Sports & Outdoors,82.7,0,1
2022-12-19,P005,Sports & Outdoors,45.5,0,0
2022-12-20,P005,Sports & Outdoors,46.6,0,0
2022-12-21,P005,Sports & Outdoors,50.1,0,0
2022-12-22,P005,Sports & Outdoors,47.4,0,0
2022-12-23,P005,Sports & Outdoors,45.7,0,0
2022-12-24,P005,Sports & Outdoors,78.8,1,0
2022-12-25,P005,Sports & Outdoors,71.0,1,0
2022-12-26,P005,Sports & Outdoors,70.6,1,0
2022-12-27,P005,Sports & Outdoors,44.2,0,0
2022-12-28,P005,Sports & Outdoors,41.6,0,0
2022-12-29,P005,Sports & Outdoors,42.5,0,0
2022-12-30,P005,Sports & Outdoors,41.7,0,0
2022-12-31,P005,Sports & Outdoors,71.3,1,0
2023-01-01,P005,Sports & Outdoors,73.4,1,0
2023-01-02,P005,Sports & Outdoors,45.0,0,0
2023-01-03,P005,Sports & Outdoors,41.2,0,0
2023-01-04,P005,Sports & Outdoors,39.3,0,0
2023-01-05,P005,Sports & Outdoors,38.8,0,0
2023-01-06,P005,Sports & Outdoors,39.8,0,0
2023-01-07,P005,Sports & Outdoors,52.9,0,0
2023-01-08,P005,Sports & Outdoors,42.8,0,0
2023-01-09,P005,Sports & Outdoors,40.2,0,0
2023-01-10,P005,Sports & Outdoors,38.6,0,0
2023-01-11,P005,Sports & Outdoors,54.1,0,1
2023-01-12,P005,Sports & Outdoors,33.7,0,0
2023-01-13,P005,Sports & Outdoors,36.3,0,0
2023-01-14,P005,Sports & Outdoors,42.6,0,0
2023-01-15,P005,Sports & Outdoors,38.9,0,0
2023-01-16,P005,Sports & Outdoors,38.4,0,0
2023-01-17,P005,Sports & Outdoors,50.3,1,0
2023-01-18,P005,Sports & Outdoors,31.6,0,0
2023-01-19,P005,Sports & Outdoors,33.2,0,0
2023-01-20,P005,Sports & Outdoors,57.8,0,1
2023-01-21,P005,Sports & Outdoors,39.0,0,0
2023-01-22,P005,Sports & Outdoors,32.1,0,0
2023-01-23,P005,Sports & Outdoors,26.4,0,0
2023-01-24,P005,Sports & Outdoors,28.0,0,0
2023-01-25,P005,Sports & Outdoors,28.0,0,0
2023-01-26,P005,Sports & Outdoors,29.2,0,0
2023-01-27,P005,Sports & Outdoors,34.2,0,0
2023-01-28,P005,Sports & Outdoors,37.6,0,0
2023-01-29,P005,Sports & Outdoors,31.6,0,0
2023-01-30,P005,Sports & Outdoors,19.2,0,0
2023-01-31,P005,Sports & Outdoors,21.3,0,0
2023-02-01,P005,Sports & Outdoors,23.0,0,0
2023-02-02,P005,Sports & Outdoors,48.7,0,1
2023-02-03,P005,Sports & Outdoors,25.5,0,0
2023-02-04,P005,Sports & Outdoors,29.0,0,0
2023-02-05,P005,Sports & Outdoors,24.7,0,0
2023-02-06,P005,Sports & Outdoors,14.6,0,0
2023-02-07,P005,Sports & Outdoors,19.2,0,0
2023-02-08,P005,Sports & Outdoors,16.3,0,0
2023-02-09,P005,Sports & Outdoors,42.1,0,1
2023-02-10,P005,Sports & Outdoors,22.7,0,0
2023-02-11,P005,Sports & Outdoors,48.8,0,1
2023-02-12,P005,Sports & Outdoors,26.2,0,0
2023-02-13,P005,Sports & Outdoors,18.5,0,0
2023-02-14,P005,Sports & Outdoors,15.6,0,0
2023-02-15,P005,Sports & Outdoors,16.6,0,0
2023-02-16,P005,Sports & Outdoors,20.0,0,0
2023-02-17,P005,Sports & Outdoors,19.3,0,0
2023-02-18,P005,Sports & Outdoors,24.1,0,0
2023-02-19,P005,Sports & Outdoors,26.1,0,0
2023-02-20,P005,Sports & Outdoors,16.6,0,0
2023-02-21,P005,Sports & Outdoors,39.3,1,0
2023-02-22,P005,Sports & Outdoors,18.2,0,0
2023-02-23,P005,Sports & Outdoors,10.8,0,0
2023-02-24,P005,Sports & Outdoors,23.1,0,0
2023-02-25,P005,Sports & Outdoors,25.4,0,0
2023-02-26,P005,Sports & Outdoors,23.7,0,0
2023-02-27,P005,Sports & Outdoors,13.3,0,0
2023-02-28,P005,Sports & Outdoors,37.0,0,1
2023-03-01,P005,Sports & Outdoors,13.2,0,0
2023-03-02,P005,Sports & Outdoors,15.8,0,0
2023-03-03,P005,Sports & Outdoors,40.7,0,1
2023-03-04,P005,Sports & Outdoors,25.3,0,0
2023-03-05,P005,Sports & Outdoors,15.1,0,0
2023-03-06,P005,Sports & Outdoors,9.5,0,0
2023-03-07,P005,Sports & Outdoors,17.6,0,0
2023-03-08,P005,Sports & Outdoors,11.1,0,0
2023-03-09,P005,Sports & Outdoors,13.1,0,0
2023-03-10,P005,Sports & Outdoors,38.2,0,1
2023-03-11,P005,Sports & Outdoors,22.9,0,0
2023-03-12,P005,Sports & Outdoors,16.7,0,0
2023-03-13,P005,Sports & Outdoors,9.8,0,0
2023-03-14,P005,Sports & Outdoors,13.7,0,0
2023-03-15,P005,Sports & Outdoors,34.1,0,1
2023-03-16,P005,Sports & Outdoors,15.5,0,0
2023-03-17,P005,Sports & Outdoors,18.7,0,0
2023-03-18,P005,Sports & Outdoors,48.4,0,1
2023-03-19,P005,Sports & Outdoors,18.9,0,0
2023-03-20,P005,Sports & Outdoors,19.2,0,0
2023-03-21,P005,Sports & Outdoors,14.2,0,0
2023-03-22,P005,Sports & Outdoors,13.2,0,0
2023-03-23,P005,Sports & Outdoors,34.8,0,1
2023-03-24,P005,Sports & Outdoors,16.4,0,0
2023-03-25,P005,Sports & Outdoors,26.0,0,0
2023-03-26,P005,Sports & Outdoors,23.7,0,0
2023-03-27,P005,Sports & Outdoors,14.8,0,0
2023-03-28,P005,Sports & Outdoors,14.0,0,0
2023-03-29,P005,Sports & Outdoors,9.4,0,0
2023-03-30,P005,Sports & Outdoors,15.5,0,0
2023-03-31,P005,Sports & Outdoors,14.0,0,0
2023-04-01,P005,Sports & Outdoors,18.7,0,0
2023-04-02,P005,Sports & Outdoors,20.5,0,0
2023-04-03,P005,Sports & Outdoors,13.1,0,0
2023-04-04,P005,Sports & Outdoors,15.4,0,0
2023-04-05,P005,Sports & Outdoors,15.5,0,0
2023-04-06,P005,Sports & Outdoors,16.9,0,0
2023-04-07,P005,Sports & Outdoors,16.0,0,0
2023-04-08,P005,Sports & Outdoors,24.0,0,0
2023-04-09,P005,Sports & Outdoors,17.1,0,0
2023-04-10,P005,Sports & Outdoors,7.6,0,0
2023-04-11,P005,Sports & Outdoors,16.6,0,0
2023-04-12,P005,Sports & Outdoors,37.6,0,1
2023-04-13,P005,Sports & Outdoors,19.7,0,0
2023-04-14,P005,Sports & Outdoors,23.8,0,0
2023-04-15,P005,Sports & Outdoors,24.5,0,0
2023-04-16,P005,Sports & Outdoors,25.1,0,0
2023-04-17,P005,Sports & Outdoors,13.5,0,0
2023-04-18,P005,Sports & Outdoors,11.6,0,0
2023-04-19,P005,Sports & Outdoors,18.5,0,0
2023-04-20,P005,Sports & Outdoors,42.1,0,1
2023-04-21,P005,Sports & Outdoors,21.9,0,0
2023-04-22,P005,Sports & Outdoors,34.3,0,0
2023-04-23,P005,Sports & Outdoors,21.7,0,0
2023-04-24,P005,Sports & Outdoors,19.1,0,0
2023-04-25,P005,Sports & Outdoors,16.7,0,0
2023-04-26,P005,Sports & Outdoors,23.5,0,0
2023-04-27,P005,Sports & Outdoors,23.3,0,0
2023-04-28,P005,Sports & Outdoors,27.1,0,0
2023-04-29,P005,Sports & Outdoors,29.1,0,0
2023-04-30,P005,Sports & Outdoors,26.9,0,0
2023-05-01,P005,Sports & Outdoors,47.5,0,1
2023-05-02,P005,Sports & Outdoors,27.6,0,0
2023-05-03,P005,Sports & Outdoors,25.5,0,0
2023-05-04,P005,Sports & Outdoors,23.2,0,0
2023-05-05,P005,Sports & Outdoors,30.4,0,0
2023-05-06,P005,Sports & Outdoors,42.0,0,0
2023-05-07,P005,Sports & Outdoors,32.8,0,0
2023-05-08,P005,Sports & Outdoors,28.8,0,0
2023-05-09,P005,Sports & Outdoors,24.2,0,0
2023-05-10,P005,Sports & Outdoors,27.7,0,0
2023-05-11,P005,Sports & Outdoors,31.2,0,0
2023-05-12,P005,Sports & Outdoors,34.3,0,0
2023-05-13,P005,Sports & Outdoors,36.9,0,0
2023-05-14,P005,Sports & Outdoors,34.2,0,0
2023-05-15,P005,Sports & Outdoors,31.4,0,0
2023-05-16,P005,Sports & Outdoors,33.6,0,0
2023-05-17,P005,Sports & Outdoors,36.1,0,0
2023-05-18,P005,Sports & Outdoors,38.6,0,0
2023-05-19,P005,Sports & Outdoors,37.7,0,0
2023-05-20,P005,Sports & Outdoors,42.3,0,0
2023-05-21,P005,Sports & Outdoors,44.4,0,0
2023-05-22,P005,Sports & Outdoors,34.9,0,0
2023-05-23,P005,Sports & Outdoors,31.8,0,0
2023-05-24,P005,Sports & Outdoors,33.4,0,0
2023-05-25,P005,Sports & Outdoors,39.3,0,0
2023-05-26,P005,Sports & Outdoors,41.2,0,0
2023-05-27,P005,Sports & Outdoors,47.6,0,0
2023-05-28,P005,Sports & Outdoors,48.2,0,0
2023-05-29,P005,Sports & Outdoors,39.5,0,0
2023-05-30,P005,Sports & Outdoors,65.6,1,0
2023-05-31,P005,Sports & Outdoors,35.4,0,0
2023-06-01,P005,Sports & Outdoors,43.3,0,0
2023-06-02,P005,Sports & Outdoors,48.3,0,0
2023-06-03,P005,Sports & Outdoors,48.1,0,0
2023-06-04,P005,Sports & Outdoors,48.0,0,0
2023-06-05,P005,Sports & Outdoors,39.8,0,0
2023-06-06,P005,Sports & Outdoors,44.0,0,0
2023-06-07,P005,Sports & Outdoors,50.2,0,0
2023-06-08,P005,Sports & Outdoors,53.0,0,0
2023-06-09,P005,Sports & Outdoors,48.9,0,0
2023-06-10,P005,Sports & Outdoors,58.7,0,0
2023-06-11,P005,Sports & Outdoors,56.3,0,0
2023-06-12,P005,Sports & Outdoors,48.1,0,0
2023-06-13,P005,Sports & Outdoors,49.9,0,0
2023-06-14,P005,Sports & Outdoors,51.4,0,0
2023-06-15,P005,Sports & Outdoors,57.0,0,0
2023-06-16,P005,Sports & Outdoors,59.2,0,0
2023-06-17,P005,Sports & Outdoors,59.1,0,0
2023-06-18,P005,Sports & Outdoors,61.9,0,0
2023-06-19,P005,Sports & Outdoors,101.0,1,1
2023-06-20,P005,Sports & Outdoors,54.6,0,0
2023-06-21,P005,Sports & Outdoors,58.7,0,0
2023-06-22,P005,Sports & Outdoors,57.8,0,0
2023-06-23,P005,Sports & Outdoors,61.7,0,0
2023-06-24,P005,Sports & Outdoors,67.4,0,0
2023-06-25,P005,Sports & Outdoors,59.0,0,0
2023-06-26,P005,Sports & Outdoors,56.7,0,0
2023-06-27,P005,Sports & Outdoors,56.8,0,0
2023-06-28,P005,Sports & Outdoors,57.1,0,0
2023-06-29,P005,Sports & Outdoors,90.0,0,1
2023-06-30,P005,Sports & Outdoors,67.4,0,0
2023-07-01,P005,Sports & Outdoors,71.9,0,0
2023-07-02,P005,Sports & Outdoors,67.9,0,0
2023-07-03,P005,Sports & Outdoors,62.6,0,0
2023-07-04,P005,Sports & Outdoors,89.1,1,0
2023-07-05,P005,Sports & Outdoors,63.0,0,0
2023-07-06,P005,Sports & Outdoors,67.0,0,0
2023-07-07,P005,Sports & Outdoors,73.3,0,0
2023-07-08,P005,Sports & Outdoors,71.3,0,0
2023-07-09,P005,Sports & Outdoors,74.1,0,0
2023-07-10,P005,Sports & Outdoors,65.3,0,0
2023-07-11,P005,Sports & Outdoors,67.9,0,0
2023-07-12,P005,Sports & Outdoors,68.6,0,0
2023-07-13,P005,Sports & Outdoors,72.1,0,0
2023-07-14,P005,Sports & Outdoors,80.9,0,0
2023-07-15,P005,Sports & Outdoors,80.5,0,0
2023-07-16,P005,Sports & Outdoors,79.7,0,0
2023-07-17,P005,Sports & Outdoors,100.5,0,1
2023-07-18,P005,Sports & Outdoors,95.0,0,1
2023-07-19,P005,Sports & Outdoors,79.5,0,0
2023-07-20,P005,Sports & Outdoors,76.1,0,0
2023-07-21,P005,Sports & Outdoors,84.8,0,0
2023-07-22,P005,Sports & Outdoors,87.8,0,0
2023-07-23,P005,Sports & Outdoors,84.0,0,0
2023-07-24,P005,Sports & Outdoors,75.2,0,0
2023-07-25,P005,Sports & Outdoors,75.2,0,0
2023-07-26,P005,Sports & Outdoors,102.6,0,1
2023-07-27,P005,Sports & Outdoors,82.7,0,0
2023-07-28,P005,Sports & Outdoors,83.9,0,0
2023-07-29,P005,Sports & Outdoors,88.9,0,0
2023-07-30,P005,Sports & Outdoors,86.4,0,0
2023-07-31,P005,Sports & Outdoors,82.1,0,0
2023-08-01,P005,Sports & Outdoors,84.3,0,0
2023-08-02,P005,Sports & Outdoors,80.6,0,0
2023-08-03,P005,Sports & Outdoors,82.1,0,0
2023-08-04,P005,Sports & Outdoors,88.7,0,0
2023-08-05,P005,Sports & Outdoors,121.5,0,1
2023-08-06,P005,Sports & Outdoors,94.0,0,0
2023-08-07,P005,Sports & Outdoors,79.3,0,0
2023-08-08,P005,Sports & Outdoors,83.6,0,0
2023-08-09,P005,Sports & Outdoors,83.3,0,0
2023-08-10,P005,Sports & Outdoors,86.6,0,0
2023-08-11,P005,Sports & Outdoors,95.5,0,0
2023-08-12,P005,Sports & Outdoors,92.7,0,0
2023-08-13,P005,Sports & Outdoors,89.4,0,0
2023-08-14,P005,Sports & Outdoors,83.6,0,0
2023-08-15,P005,Sports & Outdoors,88.2,0,0
2023-08-16,P005,Sports & Outdoors,90.6,0,0
2023-08-17,P005,Sports & Outdoors,91.5,0,0
2023-08-18,P005,Sports & Outdoors,97.1,0,0
2023-08-19,P005,Sports & Outdoors,94.5,0,0
2023-08-20,P005,Sports & Outdoors,100.0,0,0
2023-08-21,P005,Sports & Outdoors,87.7,0,0
2023-08-22,P005,Sports & Outdoors,92.0,0,0
2023-08-23,P005,Sports & Outdoors,87.7,0,0
2023-08-24,P005,Sports & Outdoors,92.7,0,0
2023-08-25,P005,Sports & Outdoors,96.8,0,0
2023-08-26,P005,Sports & Outdoors,128.8,0,1
2023-08-27,P005,Sports & Outdoors,94.4,0,0
2023-08-28,P005,Sports & Outdoors,90.8,0,0
2023-08-29,P005,Sports & Outdoors,89.0,0,0
2023-08-30,P005,Sports & Outdoors,94.8,0,0
2023-08-31,P005,Sports & Outdoors,96.8,0,0
2023-09-01,P005,Sports & Outdoors,125.4,0,1
2023-09-02,P005,Sports & Outdoors,102.0,0,0
2023-09-03,P005,Sports & Outdoors,103.1,0,0
2023-09-04,P005,Sports & Outdoors,96.1,0,0
2023-09-05,P005,Sports & Outdoors,111.7,1,0
2023-09-06,P005,Sports & Outdoors,96.5,0,0
2023-09-07,P005,Sports & Outdoors,98.7,0,0
2023-09-08,P005,Sports & Outdoors,98.6,0,0
2023-09-09,P005,Sports & Outdoors,101.3,0,0
2023-09-10,P005,Sports & Outdoors,104.3,0,0
2023-09-11,P005,Sports & Outdoors,90.0,0,0
2023-09-12,P005,Sports & Outdoors,94.0,0,0
2023-09-13,P005,Sports & Outdoors,95.5,0,0
2023-09-14,P005,Sports & Outdoors,98.8,0,0
2023-09-15,P005,Sports & Outdoors,98.2,0,0
2023-09-16,P005,Sports & Outdoors,103.4,0,0
2023-09-17,P005,Sports & Outdoors,102.4,0,0
2023-09-18,P005,Sports & Outdoors,96.6,0,0
2023-09-19,P005,Sports & Outdoors,125.1,0,1
2023-09-20,P005,Sports & Outdoors,91.7,0,0
2023-09-21,P005,Sports & Outdoors,97.8,0,0
2023-09-22,P005,Sports & Outdoors,97.1,0,0
2023-09-23,P005,Sports & Outdoors,108.2,0,0
2023-09-24,P005,Sports & Outdoors,99.5,0,0
2023-09-25,P005,Sports & Outdoors,115.6,0,1
2023-09-26,P005,Sports & Outdoors,93.0,0,0
2023-09-27,P005,Sports & Outdoors,95.4,0,0
2023-09-28,P005,Sports & Outdoors,97.5,0,0
2023-09-29,P005,Sports & Outdoors,101.0,0,0
2023-09-30,P005,Sports & Outdoors,104.8,0,0
2023-10-01,P005,Sports & Outdoors,97.8,0,0
2023-10-02,P005,Sports & Outdoors,95.0,0,0
2023-10-03,P005,Sports & Outdoors,117.5,0,1
2023-10-04,P005,Sports & Outdoors,98.0,0,0
2023-10-05,P005,Sports & Outdoors,93.7,0,0
2023-10-06,P005,Sports & Outdoors,94.1,0,0
2023-10-07,P005,Sports & Outdoors,103.6,0,0
2023-10-08,P005,Sports & Outdoors,127.7,0,1
2023-10-09,P005,Sports & Outdoors,92.1,0,0
2023-10-10,P005,Sports & Outdoors,114.7,1,0
2023-10-11,P005,Sports & Outdoors,90.9,0,0
2023-10-12,P005,Sports & Outdoors,99.1,0,0
2023-10-13,P005,Sports & Outdoors,94.1,0,0
2023-10-14,P005,Sports & Outdoors,100.0,0,0
2023-10-15,P005,Sports & Outdoors,100.2,0,0
2023-10-16,P005,Sports & Outdoors,84.7,0,0
2023-10-17,P005,Sports & Outdoors,94.2,0,0
2023-10-18,P005,Sports & Outdoors,116.9,0,1
2023-10-19,P005,Sports & Outdoors,94.6,0,0
2023-10-20,P005,Sports & Outdoors,96.5,0,0
2023-10-21,P005,Sports & Outdoors,99.4,0,0
2023-10-22,P005,Sports & Outdoors,117.1,0,1
2023-10-23,P005,Sports & Outdoors,87.2,0,0
2023-10-24,P005,Sports & Outdoors,85.5,0,0
2023-10-25,P005,Sports & Outdoors,114.1,0,1
2023-10-26,P005,Sports & Outdoors,91.8,0,0
2023-10-27,P005,Sports & Outdoors,96.4,0,0
2023-10-28,P005,Sports & Outdoors,98.2,0,0
2023-10-29,P005,Sports & Outdoors,96.2,0,0
2023-10-30,P005,Sports & Outdoors,83.9,0,0
2023-10-31,P005,Sports & Outdoors,84.0,0,0
2023-11-01,P005,Sports & Outdoors,110.0,1,0
2023-11-02,P005,Sports & Outdoors,85.5,0,0
2023-11-03,P005,Sports & Outdoors,90.0,0,0
2023-11-04,P005,Sports & Outdoors,91.0,0,0
2023-11-05,P005,Sports & Outdoors,87.9,0,0
2023-11-06,P005,Sports & Outdoors,83.3,0,0
2023-11-07,P005,Sports & Outdoors,84.5,0,0
2023-11-08,P005,Sports & Outdoors,103.6,0,1
2023-11-09,P005,Sports & Outdoors,85.0,0,0
2023-11-10,P005,Sports & Outdoors,84.3,0,0
2023-11-11,P005,Sports & Outdoors,113.3,1,0
2023-11-12,P005,Sports & Outdoors,90.8,0,0
2023-11-13,P005,Sports & Outdoors,80.1,0,0
2023-11-14,P005,Sports & Outdoors,104.4,0,1
2023-11-15,P005,Sports & Outdoors,84.2,0,0
2023-11-16,P005,Sports & Outdoors,77.4,0,0
2023-11-17,P005,Sports & Outdoors,79.2,0,0
2023-11-18,P005,Sports & Outdoors,84.6,0,0
2023-11-19,P005,Sports & Outdoors,82.2,0,0
2023-11-20,P005,Sports & Outdoors,67.3,0,0
2023-11-21,P005,Sports & Outdoors,73.8,0,0
2023-11-22,P005,Sports & Outdoors,73.3,0,0
2023-11-23,P005,Sports & Outdoors,77.5,0,0
2023-11-24,P005,Sports & Outdoors,131.3,1,0
2023-11-25,P005,Sports & Outdoors,103.5,1,0
2023-11-26,P005,Sports & Outdoors,80.3,0,0
2023-11-27,P005,Sports & Outdoors,71.7,0,0
2023-11-28,P005,Sports & Outdoors,67.9,0,0
2023-11-29,P005,Sports & Outdoors,69.1,0,0
2023-11-30,P005,Sports & Outdoors,64.7,0,0
2023-12-01,P005,Sports & Outdoors,70.4,0,0
2023-12-02,P005,Sports & Outdoors,76.0,0,0
2023-12-03,P005,Sports & Outdoors,74.5,0,0
2023-12-04,P005,Sports & Outdoors,62.6,0,0
2023-12-05,P005,Sports & Outdoors,64.2,0,0
2023-12-06,P005,Sports & Outdoors,62.6,0,0
2023-12-07,P005,Sports & Outdoors,90.7,0,1
2023-12-08,P005,Sports & Outdoors,70.1,0,0
2023-12-09,P005,Sports & Outdoors,74.6,0,0
2023-12-10,P005,Sports & Outdoors,69.7,0,0
2023-12-11,P005,Sports & Outdoors,56.3,0,0
2023-12-12,P005,Sports & Outdoors,59.3,0,0
2023-12-13,P005,Sports & Outdoors,60.3,0,0
2023-12-14,P005,Sports & Outdoors,60.7,0,0
2023-12-15,P005,Sports & Outdoors,64.5,0,0
2023-12-16,P005,Sports & Outdoors,72.8,0,0
2023-12-17,P005,Sports & Outdoors,67.3,0,0
2023-12-18,P005,Sports & Outdoors,53.2,0,0
2023-12-19,P005,Sports & Outdoors,58.2,0,0
2023-12-20,P005,Sports & Outdoors,58.5,0,0
2023-12-21,P005,Sports & Outdoors,54.9,0,0
2023-12-22,P005,Sports & Outdoors,62.0,0,0
2023-12-23,P005,Sports & Outdoors,87.5,0,1
2023-12-24,P005,Sports & Outdoors,79.2,1,0
2023-12-25,P005,Sports & Outdoors,75.3,1,0
2023-12-26,P005,Sports & Outdoors,75.0,1,0
2023-12-27,P005,Sports & Outdoors,51.4,0,0
2023-12-28,P005,Sports & Outdoors,52.4,0,0
2023-12-29,P005,Sports & Outdoors,52.9,0,0
2023-12-30,P005,Sports & Outdoors,61.3,0,0
2023-12-31,P005,Sports & Outdoors,78.4,1,0
2024-01-01,P005,Sports & Outdoors,69.9,1,0
2024-01-02,P005,Sports & Outdoors,48.1,0,0
2024-01-03,P005,Sports & Outdoors,44.3,0,0
2024-01-04,P005,Sports & Outdoors,45.4,0,0
2024-01-05,P005,Sports & Outdoors,44.2,0,0
2024-01-06,P005,Sports & Outdoors,56.6,0,0
2024-01-07,P005,Sports & Outdoors,47.8,0,0
2024-01-08,P005,Sports & Outdoors,42.6,0,0
2024-01-09,P005,Sports & Outdoors,43.7,0,0
2024-01-10,P005,Sports & Outdoors,44.8,0,0
2024-01-11,P005,Sports & Outdoors,40.1,0,0
2024-01-12,P005,Sports & Outdoors,45.9,0,0
2024-01-13,P005,Sports & Outdoors,79.2,0,1
2024-01-14,P005,Sports & Outdoors,51.7,0,0
2024-01-15,P005,Sports & Outdoors,40.7,0,0
2024-01-16,P005,Sports & Outdoors,39.3,0,0
2024-01-17,P005,Sports & Outdoors,58.8,1,0
2024-01-18,P005,Sports & Outdoors,41.4,0,0
2024-01-19,P005,Sports & Outdoors,41.5,0,0
2024-01-20,P005,Sports & Outdoors,48.2,0,0
2024-01-21,P005,Sports & Outdoors,41.1,0,0
2024-01-22,P005,Sports & Outdoors,33.5,0,0
2024-01-23,P005,Sports & Outdoors,58.7,0,1
2024-01-24,P005,Sports & Outdoors,35.6,0,0
2024-01-25,P005,Sports & Outdoors,36.8,0,0
2024-01-26,P005,Sports & Outdoors,36.5,0,0
2024-01-27,P005,Sports & Outdoors,39.1,0,0
2024-01-28,P005,Sports & Outdoors,43.7,0,0
2024-01-29,P005,Sports & Outdoors,37.2,0,0
2024-01-30,P005,Sports & Outdoors,55.9,0,1
2024-01-31,P005,Sports & Outdoors,27.7,0,0
2024-02-01,P005,Sports & Outdoors,29.8,0,0
2024-02-02,P005,Sports & Outdoors,36.0,0,0
2024-02-03,P005,Sports & Outdoors,43.2,0,0
2024-02-04,P005,Sports & Outdoors,32.4,0,0
2024-02-05,P005,Sports & Outdoors,26.6,0,0
2024-02-06,P005,Sports & Outdoors,28.1,0,0
2024-02-07,P005,Sports & Outdoors,54.4,0,1
2024-02-08,P005,Sports & Outdoors,27.9,0,0
2024-02-09,P005,Sports & Outdoors,27.2,0,0
2024-02-10,P005,Sports & Outdoors,38.1,0,0
2024-02-11,P005,Sports & Outdoors,36.0,0,0
2024-02-12,P005,Sports & Outdoors,23.8,0,0
2024-02-13,P005,Sports & Outdoors,49.7,0,1
2024-02-14,P005,Sports & Outdoors,24.1,0,0
2024-02-15,P005,Sports & Outdoors,23.8,0,0
2024-02-16,P005,Sports & Outdoors,31.8,0,0
2024-02-17,P005,Sports & Outdoors,34.9,0,0
2024-02-18,P005,Sports & Outdoors,31.8,0,0
2024-02-19,P005,Sports & Outdoors,25.9,0,0
2024-02-20,P005,Sports & Outdoors,19.5,0,0
2024-02-21,P005,Sports & Outdoors,44.4,1,0
2024-02-22,P005,Sports & Outdoors,24.4,0,0
2024-02-23,P005,Sports & Outdoors,25.3,0,0
2024-02-24,P005,Sports & Outdoors,34.0,0,0
2024-02-25,P005,Sports & Outdoors,27.9,0,0
2024-02-26,P005,Sports & Outdoors,17.0,0,0
2024-02-27,P005,Sports & Outdoors,20.8,0,0
2024-02-28,P005,Sports & Outdoors,21.9,0,0
2024-02-29,P005,Sports & Outdoors,24.9,0,0
2024-03-01,P005,Sports & Outdoors,26.4,0,0
2024-03-02,P005,Sports & Outdoors,31.6,0,0
2024-03-03,P005,Sports & Outdoors,27.9,0,0
2024-03-04,P005,Sports & Outdoors,17.9,0,0
2024-03-05,P005,Sports & Outdoors,17.3,0,0
2024-03-06,P005,Sports & Outdoors,21.1,0,0
2024-03-07,P005,Sports & Outdoors,20.3,0,0
2024-03-08,P005,Sports & Outdoors,29.0,0,0
2024-03-09,P005,Sports & Outdoors,33.1,0,0
2024-03-10,P005,Sports & Outdoors,27.9,0,0
2024-03-11,P005,Sports & Outdoors,18.7,0,0
2024-03-12,P005,Sports & Outdoors,18.4,0,0
2024-03-13,P005,Sports & Outdoors,39.9,0,1
2024-03-14,P005,Sports & Outdoors,20.0,0,0
2024-03-15,P005,Sports & Outdoors,24.0,0,0
2024-03-16,P005,Sports & Outdoors,29.6,0,0
2024-03-17,P005,Sports & Outdoors,27.2,0,0
2024-03-18,P005,Sports & Outdoors,20.0,0,0
2024-03-19,P005,Sports & Outdoors,16.6,0,0
2024-03-20,P005,Sports & Outdoors,17.7,0,0
2024-03-21,P005,Sports & Outdoors,24.7,0,0
2024-03-22,P005,Sports & Outdoors,26.0,0,0
2024-03-23,P005,Sports & Outdoors,28.1,0,0
2024-03-24,P005,Sports & Outdoors,25.8,0,0
2024-03-25,P005,Sports & Outdoors,17.5,0,0
2024-03-26,P005,Sports & Outdoors,19.0,0,0
2024-03-27,P005,Sports & Outdoors,21.4,0,0
2024-03-28,P005,Sports & Outdoors,28.4,0,0
2024-03-29,P005,Sports & Outdoors,25.1,0,0
2024-03-30,P005,Sports & Outdoors,31.8,0,0
2024-03-31,P005,Sports & Outdoors,22.3,0,0
2024-04-01,P005,Sports & Outdoors,17.4,0,0
2024-04-02,P005,Sports & Outdoors,23.4,0,0
2024-04-03,P005,Sports & Outdoors,22.4,0,0
2024-04-04,P005,Sports & Outdoors,34.0,0,1
2024-04-05,P005,Sports & Outdoors,27.7,0,0
2024-04-06,P005,Sports & Outdoors,36.7,0,0
2024-04-07,P005,Sports & Outdoors,22.8,0,0
2024-04-08,P005,Sports & Outdoors,48.3,0,1
2024-04-09,P005,Sports & Outdoors,13.8,0,0
2024-04-10,P005,Sports & Outdoors,25.5,0,0
2024-04-11,P005,Sports & Outdoors,24.2,0,0
2024-04-12,P005,Sports & Outdoors,21.1,0,0
2024-04-13,P005,Sports & Outdoors,58.3,0,1
2024-04-14,P005,Sports & Outdoors,33.6,0,0
2024-04-15,P005,Sports & Outdoors,23.3,0,0
2024-04-16,P005,Sports & Outdoors,25.3,0,0
2024-04-17,P005,Sports & Outdoors,24.0,0,0
2024-04-18,P005,Sports & Outdoors,45.1,0,1
2024-04-19,P005,Sports & Outdoors,32.0,0,0
2024-04-20,P005,Sports & Outdoors,40.6,0,0
2024-04-21,P005,Sports & Outdoors,36.1,0,0
2024-04-22,P005,Sports & Outdoors,19.3,0,0
2024-04-23,P005,Sports & Outdoors,22.1,0,0
2024-04-24,P005,Sports & Outdoors,25.4,0,0
2024-04-25,P005,Sports & Outdoors,24.8,0,0
2024-04-26,P005,Sports & Outdoors,33.0,0,0
2024-04-27,P005,Sports & Outdoors,39.7,0,0
2024-04-28,P005,Sports & Outdoors,31.9,0,0
2024-04-29,P005,Sports & Outdoors,30.1,0,0
2024-04-30,P005,Sports & Outdoors,31.2,0,0
2024-05-01,P005,Sports & Outdoors,29.5,0,0
2024-05-02,P005,Sports & Outdoors,55.9,0,1
2024-05-03,P005,Sports & Outdoors,30.7,0,0
2024-05-04,P005,Sports & Outdoors,41.0,0,0
2024-05-05,P005,Sports & Outdoors,39.3,0,0
2024-05-06,P005,Sports & Outdoors,31.9,0,0
2024-05-07,P005,Sports & Outdoors,34.1,0,0
2024-05-08,P005,Sports & Outdoors,35.3,0,0
2024-05-09,P005,Sports & Outdoors,35.5,0,0
2024-05-10,P005,Sports & Outdoors,40.7,0,0
2024-05-11,P005,Sports & Outdoors,48.5,0,0
2024-05-12,P005,Sports & Outdoors,42.9,0,0
2024-05-13,P005,Sports & Outdoors,60.0,0,1
2024-05-14,P005,Sports & Outdoors,36.4,0,0
2024-05-15,P005,Sports & Outdoors,36.8,0,0
2024-05-16,P005,Sports & Outdoors,41.7,0,0
2024-05-17,P005,Sports & Outdoors,42.4,0,0
2024-05-18,P005,Sports & Outdoors,50.9,0,0
2024-05-19,P005,Sports & Outdoors,47.4,0,0
2024-05-20,P005,Sports & Outdoors,38.7,0,0
2024-05-21,P005,Sports & Outdoors,40.3,0,0
2024-05-22,P005,Sports & Outdoors,41.5,0,0
2024-05-23,P005,Sports & Outdoors,40.0,0,0
2024-05-24,P005,Sports & Outdoors,49.5,0,0
2024-05-25,P005,Sports & Outdoors,54.9,0,0
2024-05-26,P005,Sports & Outdoors,54.2,0,0
2024-05-27,P005,Sports & Outdoors,42.6,0,0
2024-05-28,P005,Sports & Outdoors,51.1,0,0
2024-05-29,P005,Sports & Outdoors,46.4,0,0
2024-05-30,P005,Sports & Outdoors,69.5,1,0
2024-05-31,P005,Sports & Outdoors,50.2,0,0
2024-06-01,P005,Sports & Outdoors,54.1,0,0
2024-06-02,P005,Sports & Outdoors,60.8,0,0
2024-06-03,P005,Sports & Outdoors,52.6,0,0
2024-06-04,P005,Sports & Outdoors,52.2,0,0
2024-06-05,P005,Sports & Outdoors,49.7,0,0
2024-06-06,P005,Sports & Outdoors,59.1,0,0
2024-06-07,P005,Sports & Outdoors,56.8,0,0
2024-06-08,P005,Sports & Outdoors,63.0,0,0
2024-06-09,P005,Sports & Outdoors,65.4,0,0
2024-06-10,P005,Sports & Outdoors,55.5,0,0
2024-06-11,P005,Sports & Outdoors,61.5,0,0
2024-06-12,P005,Sports & Outdoors,81.6,0,1
2024-06-13,P005,Sports & Outdoors,57.8,0,0
2024-06-14,P005,Sports & Outdoors,61.0,0,0
2024-06-15,P005,Sports & Outdoors,63.5,0,0
2024-06-16,P005,Sports & Outdoors,65.5,0,0
2024-06-17,P005,Sports & Outdoors,61.8,0,0
2024-06-18,P005,Sports & Outdoors,62.0,0,0
2024-06-19,P005,Sports & Outdoors,84.9,1,0
2024-06-20,P005,Sports & Outdoors,84.9,0,1
2024-06-21,P005,Sports & Outdoors,68.3,0,0
2024-06-22,P005,Sports & Outdoors,76.5,0,0
2024-06-23,P005,Sports & Outdoors,72.4,0,0
2024-06-24,P005,Sports & Outdoors,64.0,0,0
2024-06-25,P005,Sports & Outdoors,63.0,0,0
2024-06-26,P005,Sports & Outdoors,69.5,0,0
2024-06-27,P005,Sports & Outdoors,60.0,0,0
2024-06-28,P005,Sports & Outdoors,73.7,0,0
2024-06-29,P005,Sports & Outdoors,85.8,0,0
2024-06-30,P005,Sports & Outdoors,71.9,0,0
2024-07-01,P005,Sports & Outdoors,67.7,0,0
2024-07-02,P005,Sports & Outdoors,70.1,0,0
2024-07-03,P005,Sports & Outdoors,94.4,0,1
2024-07-04,P005,Sports & Outdoors,99.3,1,0
2024-07-05,P005,Sports & Outdoors,78.8,0,0
2024-07-06,P005,Sports & Outdoors,83.8,0,0
2024-07-07,P005,Sports & Outdoors,83.1,0,0
2024-07-08,P005,Sports & Outdoors,73.2,0,0
2024-07-09,P005,Sports & Outdoors,83.8,0,0
2024-07-10,P005,Sports & Outdoors,77.0,0,0
2024-07-11,P005,Sports & Outdoors,78.9,0,0
2024-07-12,P005,Sports & Outdoors,77.3,0,0
2024-07-13,P005,Sports & Outdoors,86.5,0,0
2024-07-14,P005,Sports & Outdoors,88.7,0,0
2024-07-15,P005,Sports & Outdoors,74.0,0,0
2024-07-16,P005,Sports & Outdoors,73.4,0,0
2024-07-17,P005,Sports & Outdoors,81.2,0,0
2024-07-18,P005,Sports & Outdoors,86.6,0,0
2024-07-19,P005,Sports & Outdoors,86.7,0,0
2024-07-20,P005,Sports & Outdoors,91.5,0,0
2024-07-21,P005,Sports & Outdoors,84.7,0,0
2024-07-22,P005,Sports & Outdoors,83.3,0,0
2024-07-23,P005,Sports & Outdoors,85.5,0,0
2024-07-24,P005,Sports & Outdoors,80.3,0,0
2024-07-25,P005,Sports & Outdoors,90.1,0,0
2024-07-26,P005,Sports & Outdoors,92.8,0,0
2024-07-27,P005,Sports & Outdoors,123.5,0,1
2024-07-28,P005,Sports & Outdoors,95.5,0,0
2024-07-29,P005,Sports & Outdoors,87.9,0,0
2024-07-30,P005,Sports & Outdoors,89.1,0,0
2024-07-31,P005,Sports & Outdoors,91.6,0,0
2024-08-01,P005,Sports & Outdoors,85.7,0,0
2024-08-02,P005,Sports & Outdoors,90.3,0,0
2024-08-03,P005,Sports & Outdoors,98.2,0,0
2024-08-04,P005,Sports & Outdoors,97.2,0,0
2024-08-05,P005,Sports & Outdoors,90.7,0,0
2024-08-06,P005,Sports & Outdoors,92.1,0,0
2024-08-07,P005,Sports & Outdoors,95.8,0,0
2024-08-08,P005,Sports & Outdoors,97.4,0,0
2024-08-09,P005,Sports & Outdoors,95.4,0,0
2024-08-10,P005,Sports & Outdoors,104.2,0,0
2024-08-11,P005,Sports & Outdoors,98.4,0,0
2024-08-12,P005,Sports & Outdoors,92.3,0,0
2024-08-13,P005,Sports & Outdoors,95.2,0,0
2024-08-14,P005,Sports & Outdoors,86.2,0,0
2024-08-15,P005,Sports & Outdoors,104.0,0,0
2024-08-16,P005,Sports & Outdoors,102.3,0,0
2024-08-17,P005,Sports & Outdoors,104.7,0,0
2024-08-18,P005,Sports & Outdoors,109.0,0,0
2024-08-19,P005,Sports & Outdoors,94.6,0,0
2024-08-20,P005,Sports & Outdoors,97.3,0,0
2024-08-21,P005,Sports & Outdoors,97.0,0,0
2024-08-22,P005,Sports & Outdoors,104.3,0,0
2024-08-23,P005,Sports & Outdoors,102.9,0,0
2024-08-24,P005,Sports & Outdoors,109.2,0,0
2024-08-25,P005,Sports & Outdoors,109.2,0,0
2024-08-26,P005,Sports & Outdoors,99.4,0,0
2024-08-27,P005,Sports & Outdoors,98.9,0,0
2024-08-28,P005,Sports & Outdoors,127.3,0,1
2024-08-29,P005,Sports & Outdoors,108.8,0,0
2024-08-30,P005,Sports & Outdoors,129.8,0,1
2024-08-31,P005,Sports & Outdoors,110.9,0,0
2024-09-01,P005,Sports & Outdoors,108.1,0,0
2024-09-02,P005,Sports & Outdoors,103.1,0,0
2024-09-03,P005,Sports & Outdoors,99.0,0,0
2024-09-04,P005,Sports & Outdoors,101.1,0,0
2024-09-05,P005,Sports & Outdoors,121.6,1,0
2024-09-06,P005,Sports & Outdoors,103.1,0,0
2024-09-07,P005,Sports & Outdoors,110.4,0,0
2024-09-08,P005,Sports & Outdoors,108.7,0,0
2024-09-09,P005,Sports & Outdoors,105.5,0,0
2024-09-10,P005,Sports & Outdoors,103.2,0,0
2024-09-11,P005,Sports & Outdoors,100.3,0,0
2024-09-12,P005,Sports & Outdoors,101.9,0,0
2024-09-13,P005,Sports & Outdoors,134.9,0,1
2024-09-14,P005,Sports & Outdoors,115.7,0,0
2024-09-15,P005,Sports & Outdoors,109.5,0,0
2024-09-16,P005,Sports & Outdoors,99.8,0,0
2024-09-17,P005,Sports & Outdoors,105.3,0,0
2024-09-18,P005,Sports & Outdoors,100.4,0,0
2024-09-19,P005,Sports & Outdoors,105.4,0,0
2024-09-20,P005,Sports & Outdoors,113.8,0,0
2024-09-21,P005,Sports & Outdoors,137.0,0,1
2024-09-22,P005,Sports & Outdoors,107.3,0,0
2024-09-23,P005,Sports & Outdoors,102.2,0,0
2024-09-24,P005,Sports & Outdoors,100.7,0,0
2024-09-25,P005,Sports & Outdoors,99.1,0,0
2024-09-26,P005,Sports & Outdoors,105.9,0,0
2024-09-27,P005,Sports & Outdoors,110.2,0,0
2024-09-28,P005,Sports & Outdoors,111.3,0,0
2024-09-29,P005,Sports & Outdoors,107.9,0,0
2024-09-30,P005,Sports & Outdoors,97.7,0,0
2024-10-01,P005,Sports & Outdoors,100.9,0,0
2024-10-02,P005,Sports & Outdoors,100.6,0,0
2024-10-03,P005,Sports & Outdoors,100.3,0,0
2024-10-04,P005,Sports & Outdoors,111.4,0,0
2024-10-05,P005,Sports & Outdoors,112.5,0,0
2024-10-06,P005,Sports & Outdoors,109.4,0,0
2024-10-07,P005,Sports & Outdoors,101.7,0,0
2024-10-08,P005,Sports & Outdoors,102.2,0,0
2024-10-09,P005,Sports & Outdoors,99.7,0,0
2024-10-10,P005,Sports & Outdoors,125.2,1,0
2024-10-11,P005,Sports & Outdoors,103.8,0,0
2024-10-12,P005,Sports & Outdoors,110.8,0,0
2024-10-13,P005,Sports & Outdoors,107.1,0,0
2024-10-14,P005,Sports & Outdoors,96.4,0,0
2024-10-15,P005,Sports & Outdoors,94.5,0,0
2024-10-16,P005,Sports & Outdoors,99.4,0,0
2024-10-17,P005,Sports & Outdoors,99.1,0,0
2024-10-18,P005,Sports & Outdoors,97.3,0,0
2024-10-19,P005,Sports & Outdoors,108.9,0,0
2024-10-20,P005,Sports & Outdoors,106.7,0,0
2024-10-21,P005,Sports & Outdoors,102.3,0,0
2024-10-22,P005,Sports & Outdoors,94.8,0,0
2024-10-23,P005,Sports & Outdoors,95.1,0,0
2024-10-24,P005,Sports & Outdoors,94.1,0,0
2024-10-25,P005,Sports & Outdoors,100.6,0,0
2024-10-26,P005,Sports & Outdoors,105.4,0,0
2024-10-27,P005,Sports & Outdoors,99.0,0,0
2024-10-28,P005,Sports & Outdoors,92.0,0,0
2024-10-29,P005,Sports & Outdoors,111.4,0,1
2024-10-30,P005,Sports & Outdoors,96.3,0,0
2024-10-31,P005,Sports & Outdoors,92.2,0,0
2024-11-01,P005,Sports & Outdoors,119.7,1,0
2024-11-02,P005,Sports & Outdoors,97.8,0,0
2024-11-03,P005,Sports & Outdoors,96.5,0,0
2024-11-04,P005,Sports & Outdoors,88.5,0,0
2024-11-05,P005,Sports & Outdoors,89.8,0,0
2024-11-06,P005,Sports & Outdoors,91.7,0,0
2024-11-07,P005,Sports & Outdoors,95.0,0,0
2024-11-08,P005,Sports & Outdoors,95.6,0,0
2024-11-09,P005,Sports & Outdoors,101.0,0,0
2024-11-10,P005,Sports & Outdoors,98.7,0,0
2024-11-11,P005,Sports & Outdoors,110.1,1,0
2024-11-12,P005,Sports & Outdoors,86.1,0,0
2024-11-13,P005,Sports & Outdoors,89.5,0,0
2024-11-14,P005,Sports & Outdoors,90.2,0,0
2024-11-15,P005,Sports & Outdoors,91.6,0,0
2024-11-16,P005,Sports & Outdoors,90.4,0,0
2024-11-17,P005,Sports & Outdoors,88.4,0,0
2024-11-18,P005,Sports & Outdoors,81.0,0,0
2024-11-19,P005,Sports & Outdoors,84.4,0,0
2024-11-20,P005,Sports & Outdoors,82.7,0,0
2024-11-21,P005,Sports & Outdoors,86.4,0,0
2024-11-22,P005,Sports & Outdoors,141.9,1,0
2024-11-23,P005,Sports & Outdoors,117.5,0,1
2024-11-24,P005,Sports & Outdoors,112.7,1,0
2024-11-25,P005,Sports & Outdoors,97.4,1,0
2024-11-26,P005,Sports & Outdoors,79.4,0,0
2024-11-27,P005,Sports & Outdoors,100.5,0,1
2024-11-28,P005,Sports & Outdoors,74.2,0,0
2024-11-29,P005,Sports & Outdoors,133.1,1,0
2024-11-30,P005,Sports & Outdoors,113.5,0,1
2024-12-01,P005,Sports & Outdoors,83.5,0,0
2024-12-02,P005,Sports & Outdoors,102.6,0,1
2024-12-03,P005,Sports & Outdoors,74.1,0,0
2024-12-04,P005,Sports & Outdoors,80.8,0,0
2024-12-05,P005,Sports & Outdoors,74.9,0,0
2024-12-06,P005,Sports & Outdoors,76.9,0,0
2024-12-07,P005,Sports & Outdoors,77.9,0,0
2024-12-08,P005,Sports & Outdoors,80.8,0,0
2024-12-09,P005,Sports & Outdoors,67.2,0,0
2024-12-10,P005,Sports & Outdoors,67.2,0,0
2024-12-11,P005,Sports & Outdoors,73.0,0,0
2024-12-12,P005,Sports & Outdoors,73.0,0,0
2024-12-13,P005,Sports & Outdoors,75.4,0,0
2024-12-14,P005,Sports & Outdoors,75.8,0,0
2024-12-15,P005,Sports & Outdoors,72.9,0,0
2024-12-16,P005,Sports & Outdoors,63.8,0,0
2024-12-17,P005,Sports & Outdoors,90.3,0,1
2024-12-18,P005,Sports & Outdoors,69.0,0,0
2024-12-19,P005,Sports & Outdoors,66.1,0,0
2024-12-20,P005,Sports & Outdoors,73.1,0,0
2024-12-21,P005,Sports & Outdoors,74.7,0,0
2024-12-22,P005,Sports & Outdoors,67.7,0,0
2024-12-23,P005,Sports & Outdoors,61.6,0,0
2024-12-24,P005,Sports & Outdoors,87.2,1,0
2024-12-25,P005,Sports & Outdoors,88.4,1,0
2024-12-26,P005,Sports & Outdoors,86.5,1,0
2024-12-27,P005,Sports & Outdoors,63.0,0,0
2024-12-28,P005,Sports & Outdoors,66.9,0,0
2024-12-29,P005,Sports & Outdoors,65.3,0,0
2024-12-30,P005,Sports & Outdoors,59.3,0,0
2024-12-31,P005,Sports & Outdoors,79.0,1,0
